{
  "window_days": 756,
  "mae": 0.17339936001589068,
  "rank_correlation": 0.6917637567037023,
  "forecasts": {
    "kr-large-cap": 0.059469663430084245,
    "kr-dividend": 0.05946983674309074,
    "us-large-cap": 0.06080214781137176,
    "us-tech": 0.05954384252242968,
    "kr-treasuries-10y": 0.043456521739130435,
    "us-treasuries-10y": 0.043456521739130435,
    "us-ig-credit": 0.043456521739130435,
    "gold": 0.06175217391304348,
    "kofr-cash": 0.043456521739130435,
    "money-market": 0.043456521739130435
  },
  "realized": {
    "kr-large-cap": 0.5702162200698886,
    "kr-dividend": 0.3966326637781914,
    "us-large-cap": 0.2904666419306201,
    "us-tech": 0.39656699514676474,
    "kr-treasuries-10y": 0.02570274553960683,
    "us-treasuries-10y": 0.0544645266483168,
    "us-ig-credit": 0.06428276482445239,
    "gold": 0.3090663356110983,
    "kofr-cash": 0.03416243396207408,
    "money-market": 0.03025622566785513
  },
  "errors": {
    "kr-large-cap": -0.5107465566398044,
    "kr-dividend": -0.33716282703510064,
    "us-large-cap": -0.22966449411924833,
    "us-tech": -0.3370231526243351,
    "kr-treasuries-10y": 0.017753776199523605,
    "us-treasuries-10y": -0.011008004909186367,
    "us-ig-credit": -0.020826243085321952,
    "gold": -0.2473141616980548,
    "kofr-cash": 0.009294087777056356,
    "money-market": 0.013200296071275305
  },
  "changes": [
    {
      "target": "skills/cma_judge/SKILL.md",
      "change": "Strengthen valuation tilt rule: PE>28 -> +0.10 valuation weight.",
      "reason": "Mean absolute prediction error 17.34% exceeds 6% threshold."
    },
    {
      "target": "agents/asset_class_agent.py",
      "change": "Add post-judge cap of +200bp above auto-blend for: ['kr-treasuries-10y', 'money-market', 'kofr-cash'].",
      "reason": "Top-3 over-forecast list shows persistent positive bias."
    }
  ]
}