{
  "mean_ann": 0.045538388477184576,
  "vol_ann": 0.0766871419818762,
  "sharpe": 0.5938203889244804,
  "skew": 0.10754738905910757,
  "kurtosis": 2.9040864238866964,
  "max_drawdown": -0.17168674320433508,
  "obs": 6046
}