{
  "macro": -0.11675000000000002,
  "momentum": 0.14639704797844227,
  "trend": 0.1444990595758694,
  "mean_reversion": -0.3671706997023729,
  "sentiment": 0.39645129720390826,
  "composite": 0.0406853410111694
}