{
  "chosen_ensemble": "inverse_te",
  "rationale": "Regime 'late-cycle' favors 'inverse_te'. Diagnostics: {'simple_average': 0.618, 'inverse_te': 0.617, 'backtest_sharpe': 0.619, 'meta_optimization': 0.2, 'regime_conditional': 0.618, 'composite_score': 0.618, 'trimmed_mean': 0.619}.",
  "weights": {
    "kr-large-cap": 0.09177064830927067,
    "kr-kosdaq": 0.08883214149854646,
    "kr-dividend": 0.0936425892165205,
    "us-large-cap": 0.09162320137389392,
    "us-tech": 0.09055882170181023,
    "us-dividend": 0.09830441779137314,
    "intl-developed": 0.09053770016979654,
    "emerging-markets": 0.0904032959382649,
    "kr-treasuries-10y": 0.024971852228435364,
    "kr-short-bonds": 0.024431505508127487,
    "kr-credit": 0.06371340190337825,
    "us-treasuries-10y": 0.021834851764931853,
    "us-treasuries-30y": 0.013722741305815704,
    "us-ig-credit": 0.019679799113004666,
    "gold": 0.0029728140685676076,
    "commodities": 0.0010505103436012069,
    "kofr-cash": 0.05766412047976699,
    "money-market": 0.034285587284894344
  },
  "weights_pre_tilt": {
    "kr-large-cap": 0.09177064830927067,
    "kr-kosdaq": 0.08883214149854646,
    "kr-dividend": 0.0936425892165205,
    "us-large-cap": 0.09162320137389392,
    "us-tech": 0.09055882170181023,
    "us-dividend": 0.09830441779137314,
    "intl-developed": 0.09053770016979654,
    "emerging-markets": 0.0904032959382649,
    "kr-treasuries-10y": 0.029811114555708385,
    "kr-short-bonds": 0.017499632854030625,
    "kr-credit": 0.060047635323056424,
    "us-treasuries-10y": 0.02606619890734789,
    "us-treasuries-30y": 0.01638205325515236,
    "us-ig-credit": 0.018547516928397685,
    "gold": 0.0029728140685676076,
    "commodities": 0.0010505103436012069,
    "kofr-cash": 0.05766412047976699,
    "money-market": 0.034285587284894344
  },
  "fi_curve_tilt": {
    "applied": true,
    "regime": "bear-parallel",
    "rules": {
      "long_duration": 0.75,
      "credit": 0.95,
      "cash_like": 1.25
    },
    "fi_total": 0.16835415182369334,
    "shifts_pp": {
      "kr-treasuries-10y": -0.4839262327273022,
      "kr-short-bonds": 0.6931872654096862,
      "kr-credit": 0.36657665803218265,
      "us-treasuries-10y": -0.4231347142416037,
      "us-treasuries-30y": -0.26593119493366574,
      "us-ig-credit": 0.11322821846069808
    }
  },
  "ensemble_agent_weights": {
    "equal-weight": 0.06007461061970654,
    "market-cap-weight": 0.014523624003950932,
    "inverse-volatility": 0.07705418338743412,
    "inverse-variance": 0.06743512482342424,
    "volatility-targeting": 0.07705418338743412,
    "max-sharpe": 0.04268257855350683,
    "black-litterman": 0.04542906197716616,
    "robust-mv": 0.02301728758171679,
    "resampled-ef": 0.04328223369008659,
    "mean-downside": 0.020973611182556154,
    "gmv": 0.04682102418106638,
    "risk-parity": 0.049630943911920064,
    "hrp": 0.06538777935499772,
    "max-diversification": 0.06208710742034916,
    "min-correlation": 0.07520798523357523,
    "cvar-min": 0.06007461061970654,
    "max-dd-constrained": 0.005044926799604224,
    "tail-risk-parity": 0.030163951869854964,
    "tpa": 0.04995138801080079,
    "max-entropy": 0.06007461061970654,
    "adversarial-diversifier": 0.02402917277143604
  },
  "metrics": {
    "expected_return": 0.05661241526554491,
    "expected_vol": 0.10450222639192062,
    "backtest_sharpe": 1.8452636993843212,
    "backtest_maxdd": -0.10537032114916323,
    "hhi": 0.07855408841588377,
    "effective_n": 12.730082165879967,
    "top3": 0.2837176553171643,
    "ips_compliance": 0.9,
    "tracking_error": 0.0866480078377405,
    "diversification": 0.19704553278301257,
    "composite": 0.616723945982021
  },
  "ensembles": {
    "simple_average": {
      "kr-large-cap": 0.09713074209316497,
      "kr-kosdaq": 0.08360601272773424,
      "kr-dividend": 0.09676399391415937,
      "us-large-cap": 0.09220524224419897,
      "us-tech": 0.08657435856928464,
      "us-dividend": 0.1053721618425863,
      "intl-developed": 0.08733020737304532,
      "emerging-markets": 0.08669989962023475,
      "kr-treasuries-10y": 0.027468286111434138,
      "kr-short-bonds": 0.016689580936145094,
      "kr-credit": 0.054563322473952625,
      "us-treasuries-10y": 0.03376259870472033,
      "us-treasuries-30y": 0.01868640346972589,
      "us-ig-credit": 0.0178051320579113,
      "gold": 0.0027556732795258406,
      "commodities": 0.0012142226314495659,
      "kofr-cash": 0.05632635240181197,
      "money-market": 0.03504580954891481
    },
    "inverse_te": {
      "kr-large-cap": 0.09177064830927067,
      "kr-kosdaq": 0.08883214149854646,
      "kr-dividend": 0.0936425892165205,
      "us-large-cap": 0.09162320137389392,
      "us-tech": 0.09055882170181023,
      "us-dividend": 0.09830441779137314,
      "intl-developed": 0.09053770016979654,
      "emerging-markets": 0.0904032959382649,
      "kr-treasuries-10y": 0.029811114555708385,
      "kr-short-bonds": 0.017499632854030625,
      "kr-credit": 0.060047635323056424,
      "us-treasuries-10y": 0.02606619890734789,
      "us-treasuries-30y": 0.01638205325515236,
      "us-ig-credit": 0.018547516928397685,
      "gold": 0.0029728140685676076,
      "commodities": 0.0010505103436012069,
      "kofr-cash": 0.05766412047976699,
      "money-market": 0.034285587284894344
    },
    "backtest_sharpe": {
      "kr-large-cap": 0.09844938774042819,
      "kr-kosdaq": 0.0827964616861642,
      "kr-dividend": 0.09751869589610532,
      "us-large-cap": 0.09169039829561712,
      "us-tech": 0.08583436562945068,
      "us-dividend": 0.1068038210319037,
      "intl-developed": 0.08661905823188144,
      "emerging-markets": 0.08596977159258268,
      "kr-treasuries-10y": 0.027209469897399967,
      "kr-short-bonds": 0.016562284013220595,
      "kr-credit": 0.054055409239489524,
      "us-treasuries-10y": 0.035061852897414675,
      "us-treasuries-30y": 0.018435043233280997,
      "us-ig-credit": 0.017680252338909457,
      "gold": 0.002740981366854191,
      "commodities": 0.0011982220730928368,
      "kofr-cash": 0.05664797764861326,
      "money-market": 0.03472654718759126
    },
    "meta_optimization": {
      "kr-large-cap": NaN,
      "kr-kosdaq": NaN,
      "kr-dividend": NaN,
      "us-large-cap": NaN,
      "us-tech": NaN,
      "us-dividend": NaN,
      "intl-developed": NaN,
      "emerging-markets": NaN,
      "kr-treasuries-10y": NaN,
      "kr-short-bonds": NaN,
      "kr-credit": NaN,
      "us-treasuries-10y": NaN,
      "us-treasuries-30y": NaN,
      "us-ig-credit": NaN,
      "gold": NaN,
      "commodities": NaN,
      "kofr-cash": NaN,
      "money-market": NaN
    },
    "regime_conditional": {
      "kr-large-cap": 0.09664326239399393,
      "kr-kosdaq": 0.08429300314540553,
      "kr-dividend": 0.09650608212221268,
      "us-large-cap": 0.0914011701557683,
      "us-tech": 0.0870833994811514,
      "us-dividend": 0.10495235485298564,
      "intl-developed": 0.0876790955587604,
      "emerging-markets": 0.08712268928377476,
      "kr-treasuries-10y": 0.02701932771762778,
      "kr-short-bonds": 0.017002343428768416,
      "kr-credit": 0.05492863400242642,
      "us-treasuries-10y": 0.03311345079973302,
      "us-treasuries-30y": 0.018317740491069805,
      "us-ig-credit": 0.018486873771778017,
      "gold": 0.0027939221896812506,
      "commodities": 0.0011904874652648822,
      "kofr-cash": 0.05695358921674688,
      "money-market": 0.03451257392285098
    },
    "composite_score": {
      "kr-large-cap": 0.09406634108849292,
      "kr-kosdaq": 0.08838375454258963,
      "kr-dividend": 0.09476309815017642,
      "us-large-cap": 0.08808351299689701,
      "us-tech": 0.08976420889243707,
      "us-dividend": 0.101434293140678,
      "intl-developed": 0.08986224457898655,
      "emerging-markets": 0.08930606135912728,
      "kr-treasuries-10y": 0.025530304941696554,
      "kr-short-bonds": 0.019451491435098785,
      "kr-credit": 0.055795497928934186,