{
  "weights": {
    "kr-large-cap": 0.13290406455464288,
    "kr-dividend": 0.14453501219120274,
    "us-large-cap": 0.1399772434017842,
    "us-tech": 0.13258364467896053,
    "kr-treasuries-10y": 0.09504560395334749,
    "us-treasuries-10y": 0.1092021707155914,
    "us-ig-credit": 0.05179624185463922,
    "gold": 0.14999999843878042,
    "kofr-cash": 0.021978010105525612,
    "money-market": 0.021978010105525664
  }
}