{
  "weights": {
    "kr-large-cap": 0.05111264044087913,
    "kr-dividend": 0.07248660170897873,
    "us-large-cap": 0.06401385753947507,
    "us-tech": 0.05026635649895712,
    "kr-treasuries-10y": 0.15548085724468724,
    "us-treasuries-10y": 0.1820144261428659,
    "us-ig-credit": 0.07447108483484043,
    "gold": 0.05015416572257492,
    "kofr-cash": 0.15000000493337068,
    "money-market": 0.15000000493337068
  }
}