{
  "weights": {
    "kr-large-cap": 0.11070421344190667,
    "kr-dividend": 0.11069635229482949,
    "us-large-cap": 0.11084816737839012,
    "us-tech": 0.1103973263075695,
    "kr-treasuries-10y": 0.09284611121653409,
    "us-treasuries-10y": 0.0830637430468616,
    "us-ig-credit": 0.08040872824367004,
    "gold": 0.0010353490687222114,
    "kofr-cash": 0.18597013097414414,
    "money-market": 0.11402987802737215
  }
}