{
  "weights": {
    "kr-large-cap": 0.13751504750972668,
    "kr-dividend": 0.13751428068822688,
    "us-large-cap": 0.13757630486517353,
    "us-tech": 0.13739436358232196,
    "kr-treasuries-10y": 0.08632332040109615,
    "us-treasuries-10y": 0.08237321461138569,
    "us-ig-credit": 0.0813034619912326,
    "gold": 0.14999999656775595,
    "kofr-cash": 0.05000000978308057,
    "money-market": 0.0
  }
}