{
  "mean_ann": 0.03838039571509146,
  "vol_ann": 0.14052689047962588,
  "sharpe": 0.2731178038886159,
  "skew": 0.12513292589300434,
  "kurtosis": 4.989769906391155,
  "max_drawdown": -0.5256970104131669,
  "obs": 6046
}