{
  "macro": -0.24600000000000002,
  "momentum": -0.11257807696338407,
  "trend": -0.025040324142512702,
  "mean_reversion": 0.5387559157177553,
  "sentiment": -0.3222875029714014,
  "composite": -0.03342999767190859
}