{
  "mean_ann": 0.06832234897432284,
  "vol_ann": 0.22637824136978396,
  "sharpe": 0.3018061654729429,
  "skew": 0.33810303155845545,
  "kurtosis": 7.991569119635054,
  "max_drawdown": -0.5889388365024939,
  "obs": 7648
}