{
  "macro": 0.467,
  "momentum": 0.7300521590299963,
  "trend": 0.5367272009096491,
  "mean_reversion": -0.8070221837015136,
  "sentiment": -0.2712440429458228,
  "valuation": 0.062418746747512514,
  "composite": 0.11965531333997025
}