{
  "chosen_ensemble": "regime_conditional",
  "rationale": "Regime 'late-cycle' favors 'regime_conditional'. Diagnostics: {'simple_average': 0.705, 'inverse_te': 0.703, 'backtest_sharpe': 0.705, 'meta_optimization': 0.2, 'regime_conditional': 0.705, 'composite_score': 0.701, 'trimmed_mean': 0.704}.",
  "weights": {
    "kr-large-cap": 0.04914349595759943,
    "kr-kosdaq": 0.04343515086721331,
    "kr-dividend": 0.052716581935521305,
    "us-large-cap": 0.05634149801338002,
    "us-tech": 0.04719644116282497,
    "us-dividend": 0.0661716714397915,
    "intl-developed": 0.04854150044495386,
    "emerging-markets": 0.05036894204384538,
    "kr-treasuries-10y": 0.05141834825703164,
    "kr-short-bonds": 0.06194209668434637,
    "kr-credit": 0.11059208691223998,
    "us-treasuries-10y": 0.0522758133956089,
    "us-treasuries-30y": 0.03393840479416697,
    "us-ig-credit": 0.03808545131274034,
    "gold": 0.04708862270389281,
    "commodities": 0.029419599980041244,
    "kofr-cash": 0.088438340287522,
    "money-market": 0.07288595380727994
  },
  "weights_pre_tilt": {
    "kr-large-cap": 0.04914349595759943,
    "kr-kosdaq": 0.04343515086721331,
    "kr-dividend": 0.052716581935521305,
    "us-large-cap": 0.05634149801338002,
    "us-tech": 0.04719644116282497,
    "us-dividend": 0.0661716714397915,
    "intl-developed": 0.04854150044495386,
    "emerging-markets": 0.05036894204384538,
    "kr-treasuries-10y": 0.06128711728390992,
    "kr-short-bonds": 0.04429841882895185,
    "kr-credit": 0.10406693992080795,
    "us-treasuries-10y": 0.062309156464401515,
    "us-treasuries-30y": 0.0404522328226379,
    "us-ig-credit": 0.035838336035425196,
    "gold": 0.04708862270389281,
    "commodities": 0.029419599980041244,
    "kofr-cash": 0.088438340287522,
    "money-market": 0.07288595380727994
  },
  "fi_curve_tilt": {
    "applied": true,
    "regime": "bear-parallel",
    "rules": {
      "long_duration": 0.75,
      "credit": 0.95,
      "cash_like": 1.25
    },
    "fi_total": 0.34825220135613427,
    "shifts_pp": {
      "kr-treasuries-10y": -0.9868769026878277,
      "kr-short-bonds": 1.7643677855394522,
      "kr-credit": 0.6525146991432029,
      "us-treasuries-10y": -1.0033343068792617,
      "us-treasuries-30y": -0.6513828028470934,
      "us-ig-credit": 0.2247115277315144
    }
  },
  "ensemble_agent_weights": {
    "equal-weight": 0.03683241252302035,
    "market-cap-weight": 0.0552486187845312,
    "inverse-volatility": 0.02209944751380999,
    "inverse-variance": 0.05524861878454719,
    "volatility-targeting": 0.022099447513808775,
    "max-sharpe": 0.11049723756905737,
    "black-litterman": 0.09944751381215312,
    "robust-mv": 0.07182320441989092,
    "resampled-ef": 0.07734806629834579,
    "mean-downside": 0.08287292817679572,
    "gmv": 0.02209944751380862,
    "risk-parity": 0.027624309392265445,
    "hrp": 0.027624309392249958,
    "max-diversification": 0.027624309392266476,
    "min-correlation": 0.02209944751381134,
    "cvar-min": 0.03683241252302024,
    "max-dd-constrained": 0.027624309392264786,
    "tail-risk-parity": 0.02762430939226676,
    "tpa": 0.05524861878453513,
    "max-entropy": 0.036832412523020504,
    "adversarial-diversifier": 0.05524861878453033
  },
  "metrics": {
    "expected_return": 0.050617520043822486,
    "expected_vol": 0.0636266204306683,
    "backtest_sharpe": 2.2887918502699405,
    "backtest_maxdd": -0.06099459446279176,
    "hhi": 0.06201751038370665,
    "effective_n": 16.124478293516308,
    "top3": 0.2719163810070419,
    "ips_compliance": 0.9,
    "tracking_error": 0.04480435070473699,
    "diversification": 0.3318251054954703,
    "composite": 0.7038568471058557
  },
  "ensembles": {
    "simple_average": {
      "kr-large-cap": 0.049816191160870237,
      "kr-kosdaq": 0.044853866608090424,
      "kr-dividend": 0.05155111955712998,
      "us-large-cap": 0.05321655003407707,
      "us-tech": 0.04741729529502492,
      "us-dividend": 0.0674725907812324,
      "intl-developed": 0.04854632128257217,
      "emerging-markets": 0.048816540575941626,
      "kr-treasuries-10y": 0.06281437809566037,
      "kr-short-bonds": 0.04587300959412541,
      "kr-credit": 0.0994340404133739,
      "us-treasuries-10y": 0.061507678250519726,
      "us-treasuries-30y": 0.03963679155691657,
      "us-ig-credit": 0.035923995044752625,
      "gold": 0.044821888555610694,
      "commodities": 0.030945058432770817,
      "kofr-cash": 0.09442675001555682,
      "money-market": 0.07292593474577404
    },
    "inverse_te": {
      "kr-large-cap": 0.04853686817204743,
      "kr-kosdaq": 0.045630429549557434,
      "kr-dividend": 0.051640396079322276,
      "us-large-cap": 0.04978172185794205,
      "us-tech": 0.04798875977015461,
      "us-dividend": 0.06069607398679812,
      "intl-developed": 0.04814402478327589,
      "emerging-markets": 0.04869343836110788,
      "kr-treasuries-10y": 0.0661618736452126,
      "kr-short-bonds": 0.0447798055122716,
      "kr-credit": 0.10933080880121072,
      "us-treasuries-10y": 0.056734968093182285,
      "us-treasuries-30y": 0.03364556116301175,
      "us-ig-credit": 0.03744709911344215,
      "gold": 0.04063093159307939,
      "commodities": 0.031370382021369915,
      "kofr-cash": 0.1016473387521238,
      "money-market": 0.07713951874489018
    },
    "backtest_sharpe": {
      "kr-large-cap": 0.04964594277128795,
      "kr-kosdaq": 0.044381113181490905,
      "kr-dividend": 0.05131123786067712,
      "us-large-cap": 0.05243227196203645,
      "us-tech": 0.04702778312881783,
      "us-dividend": 0.06841528452681934,
      "intl-developed": 0.04804266324686726,
      "emerging-markets": 0.048517443334627174,
      "kr-treasuries-10y": 0.06373049983577607,
      "kr-short-bonds": 0.04626971586190927,
      "kr-credit": 0.10135343423539184,
      "us-treasuries-10y": 0.061576201486246006,
      "us-treasuries-30y": 0.03833068363148961,
      "us-ig-credit": 0.03566505548924019,
      "gold": 0.044300654829763635,
      "commodities": 0.03091441635306836,
      "kofr-cash": 0.09431764825288508,
      "money-market": 0.07376795001160569
    },
    "meta_optimization": {
      "kr-large-cap": NaN,
      "kr-kosdaq": NaN,
      "kr-dividend": NaN,
      "us-large-cap": NaN,
      "us-tech": NaN,
      "us-dividend": NaN,
      "intl-developed": NaN,
      "emerging-markets": NaN,
      "kr-treasuries-10y": NaN,
      "kr-short-bonds": NaN,
      "kr-credit": NaN,
      "us-treasuries-10y": NaN,
      "us-treasuries-30y": NaN,
      "us-ig-credit": NaN,
      "gold": NaN,
      "commodities": NaN,
      "kofr-cash": NaN,
      "money-market": NaN
    },
    "regime_conditional": {
      "kr-large-cap": 0.04914349595759943,
      "kr-kosdaq": 0.04343515086721331,
      "kr-dividend": 0.052716581935521305,
      "us-large-cap": 0.05634149801338002,
      "us-tech": 0.04719644116282497,
      "us-dividend": 0.0661716714397915,
      "intl-developed": 0.04854150044495386,
      "emerging-markets": 0.05036894204384538,
      "kr-treasuries-10y": 0.06128711728390992,
      "kr-short-bonds": 0.04429841882895185,
      "kr-credit": 0.10406693992080795,
      "us-treasuries-10y": 0.062309156464401515,
      "us-treasuries-30y": 0.0404522328226379,
      "us-ig-credit": 0.035838336035425196,
      "gold": 0.04708862270389281,
      "commodities": 0.029419599980041244,
      "kofr-cash": 0.088438340287522,
      "money-market": 0.07288595380727994
    },
    "composite_score": {
      "kr-large-cap": 0.05212482251785138,
      "kr-kosdaq": 0.050005617557973746,
      "kr-dividend": 0.05377487646084251,
      "us-large-cap": 0.04858212119094705,
      "us-tech": 0.05132539957535119,
      "us-dividend": 0.06478542034678136,
      "intl-developed": 0.051417062110305105,
      "emerging-markets": 0.051237175279773235,
      "kr-treasuries-10y": 0.06131989249189089,
      "kr-short-bonds": 0.050387342239707686,
      "kr-credit": 0.08968538043356138,
      "us-treasuries-10y": 0.0512623760500205,