{
  "mean_ann": 0.02398696556295924,
  "vol_ann": 0.10153443874594965,
  "sharpe": 0.23624462654466696,
  "skew": 15.723161016042358,
  "kurtosis": 1827.8230173227298,
  "max_drawdown": -0.23050548443660823,
  "obs": 3558
}