{
  "mean_ann": 0.02397864834530671,
  "vol_ann": 0.10157728026182672,
  "sharpe": 0.23606310666616667,
  "skew": 15.716574944251338,
  "kurtosis": 1826.2825713958175,
  "max_drawdown": -0.2305054694020885,
  "obs": 3555
}