{
  "macro": -0.03749999999999998,
  "momentum": 0.05918878159330871,
  "trend": 0.0332306683550683,
  "mean_reversion": -0.8142920288814413,
  "sentiment": 0.22193365363923545,
  "composite": -0.10748778505876574
}