{
  "macro": -0.09849999999999998,
  "momentum": 0.05986655847583858,
  "trend": 0.03330121329835304,
  "mean_reversion": -0.819396059582564,
  "sentiment": 0.2970403547615271,
  "composite": -0.10553758660936904
}