{
  "mean_ann": 0.04802771018115053,
  "vol_ann": 0.09475009421306647,
  "sharpe": 0.5068882577905373,
  "skew": -0.215646985446485,
  "kurtosis": 31.968342929924276,
  "max_drawdown": -0.3178386098822428,
  "obs": 6002
}