{
  "mean_ann": 0.048299710051799824,
  "vol_ann": 0.09473696081888487,
  "sharpe": 0.509829633907485,
  "skew": -0.21604456895334673,
  "kurtosis": 31.97079835960669,
  "max_drawdown": -0.31783860988224266,
  "obs": 6005
}