{
  "macro": 0.5795,
  "momentum": 0.1530246046253973,
  "trend": 0.13131857253394247,
  "mean_reversion": -0.4653467752021407,
  "sentiment": -0.22277004105420942,
  "composite": 0.03514527218059794
}