{
  "macro": 0.589,
  "momentum": 0.1379011319221042,
  "trend": 0.14129572289069423,
  "mean_reversion": -0.40135042745460703,
  "sentiment": -0.19174852928256733,
  "composite": 0.055019579615124804
}