{
  "weights": {
    "kr-large-cap": 0.016406187599548955,
    "kr-kosdaq": 0.029523776220104218,
    "kr-dividend": 0.029811559674250913,
    "us-large-cap": 0.016406187599548944,
    "us-tech": 0.03226103024469351,
    "us-dividend": 0.05216668054030947,
    "intl-developed": 0.023664509776569406,
    "emerging-markets": 0.027260264427227187,
    "kr-treasuries-10y": 0.07281163625275867,
    "kr-short-bonds": 0.06835141260039276,
    "kr-credit": 0.12854239114743882,
    "us-treasuries-10y": 0.09384677895204994,
    "us-treasuries-30y": 0.0306443265026494,
    "us-ig-credit": 0.03413878591191753,
    "gold": 0.024425296128200494,
    "commodities": 0.01973916742436284,
    "kofr-cash": 0.1500000044989886,
    "money-market": 0.15000000449898845
  }
}