{
  "weights": {
    "kr-large-cap": 0.06216770207033092,
    "kr-kosdaq": 0.06933912410700475,
    "kr-dividend": 0.06952870285779114,
    "us-large-cap": 0.06216770207033103,
    "us-tech": 0.07082623165653071,
    "us-dividend": 0.08173769549105701,
    "intl-developed": 0.0661349481760074,
    "emerging-markets": 0.06809783803080223,
    "kr-treasuries-10y": 0.0434826967214757,
    "kr-short-bonds": 0.041007511987435095,
    "kr-credit": 0.0741534253999967,
    "us-treasuries-10y": 0.05498851273508144,
    "us-treasuries-30y": 0.020374907486978584,
    "us-ig-credit": 0.02229809694051164,
    "gold": 0.07627214228740724,
    "commodities": 0.07372785524736798,
    "kofr-cash": 0.02184745336694523,
    "money-market": 0.021847453366945265
  }
}