{
  "mean_ann": 0.10552706096327835,
  "vol_ann": 0.28313196874723867,
  "sharpe": 0.372713337282961,
  "skew": 0.21756661599431706,
  "kurtosis": 7.607953685383849,
  "max_drawdown": -0.572231250146486,
  "obs": 2682
}