{
  "macro": 0.3023333333333333,
  "momentum": 0.8461243755960287,
  "trend": 0.77042561795138,
  "mean_reversion": -0.7926135194338272,
  "sentiment": 0.023393372469841966,
  "composite": 0.2299326359833514
}