{
  "mean_ann": 0.02173744987503557,
  "vol_ann": 0.05427067008506666,
  "sharpe": 0.4005377092444808,
  "skew": -0.2217398901623843,
  "kurtosis": 6.287129648838327,
  "max_drawdown": -0.21314931680428983,
  "obs": 3594
}