{
  "mean_ann": 0.021905581257871315,
  "vol_ann": 0.05425997872032369,
  "sharpe": 0.40371525707337463,
  "skew": -0.22181294205154023,
  "kurtosis": 6.2874369525861775,
  "max_drawdown": -0.21314931680428983,
  "obs": 3597
}