{
  "macro": -0.24375000000000002,
  "momentum": -0.12413160890939237,
  "trend": -0.11126145376190573,
  "mean_reversion": 0.830368072962042,
  "sentiment": -0.2585320997301486,
  "composite": 0.01853858211211905
}