{
  "macro": -0.27499999999999997,
  "momentum": -0.10577883445436871,
  "trend": -0.11222091407997876,
  "mean_reversion": 0.7945721819105134,
  "sentiment": -0.23720703685925795,
  "composite": 0.012873079303381602
}