{
  "mean_ann": 0.03341107189278719,
  "vol_ann": 0.015800703525644937,
  "sharpe": 2.1145306497625365,
  "skew": 21.598038451926424,
  "kurtosis": 495.3186017192211,
  "max_drawdown": -8.99202873174687e-05,
  "obs": 677
}