{
  "macro": -0.5945,
  "momentum": 0.06863787794651355,
  "trend": 0.04199834340300264,
  "mean_reversion": -0.828955703757418,
  "sentiment": -0.19247403645744685,
  "composite": -0.30105870377306976
}