{
  "weights": {
    "kr-large-cap": 0.07404775778023631,
    "kr-kosdaq": 0.07404775778023631,
    "kr-dividend": 0.07404775778023631,
    "us-large-cap": 0.03166562291001172,
    "us-tech": 0.07404775778023631,
    "us-dividend": 0.07404775778023631,
    "intl-developed": 0.07404775778023631,
    "emerging-markets": 0.07404775778023631,
    "kr-treasuries-10y": 0.04277821072041911,
    "kr-short-bonds": 0.04277821072041911,
    "kr-credit": 0.04277821072041911,
    "us-treasuries-10y": 0.04277821072041911,
    "us-treasuries-30y": 0.04277821072041911,
    "us-ig-credit": 0.04277821072041911,
    "gold": 0.07499999838814636,
    "commodities": 0.07499999838814636,
    "kofr-cash": 0.02166540576476341,
    "money-market": 0.02166540576476341
  }
}