{
  "weights": {
    "kr-large-cap": 0.05879151535344918,
    "kr-kosdaq": 0.05879151535344918,
    "kr-dividend": 0.05879151535344918,
    "us-large-cap": 0.0005442389913639403,
    "us-tech": 0.05879151535344918,
    "us-dividend": 0.05879151535344918,
    "intl-developed": 0.05879151535344918,
    "emerging-markets": 0.05879151535344918,
    "kr-treasuries-10y": 0.05879151535344918,
    "kr-short-bonds": 0.05879151535344918,
    "kr-credit": 0.05879151535344918,
    "us-treasuries-10y": 0.05879151535344918,
    "us-treasuries-30y": 0.05879151535344918,
    "us-ig-credit": 0.05879151535344918,
    "gold": 0.05879151535344918,
    "commodities": 0.05879151535344918,
    "kofr-cash": 0.05879151535344918,
    "money-market": 0.05879151535344918
  }
}