{
  "mean_ann": 0.04767819029064391,
  "vol_ann": 0.09440512570388084,
  "sharpe": 0.5050381526972951,
  "skew": -0.21572382338961368,
  "kurtosis": 32.223823899657155,
  "max_drawdown": -0.31783858697794576,
  "obs": 6046
}