{
  "mean_ann": 0.04794842241275685,
  "vol_ann": 0.09439222948872261,
  "sharpe": 0.507970016943878,
  "skew": -0.2161029748573738,
  "kurtosis": 32.22536863368042,
  "max_drawdown": -0.3178386327865427,
  "obs": 6049
}