{
  "macro": 0.5795,
  "momentum": 0.15302482043274754,
  "trend": 0.13131857211146955,
  "mean_reversion": -0.4653467284653297,
  "sentiment": 0.30888804162459327,
  "composite": 0.14147694114069614
}