{
  "macro": 0.589,
  "momentum": 0.13790070461393164,
  "trend": 0.14129570486583834,
  "mean_reversion": -0.40135038731664074,
  "sentiment": -0.3549923989990932,
  "composite": 0.022370724632807204
}