{
  "mean_ann": 0.04767817707963962,
  "vol_ann": 0.09440496018473082,
  "sharpe": 0.5050388982352556,
  "skew": -0.21572572592822306,
  "kurtosis": 32.22455591462486,
  "max_drawdown": -0.3178387311032783,
  "obs": 6046
}