{
  "macro": 0.589,
  "momentum": 0.13790155923036648,
  "trend": 0.14129570691908758,
  "mean_reversion": -0.4013504162235849,
  "sentiment": -0.05683461599769152,
  "composite": 0.08200244678563552
}