{
  "chosen_ensemble": "inverse_te",
  "rationale": "Regime 'late-cycle' favors 'inverse_te'. Diagnostics: {'simple_average': 0.661, 'inverse_te': 0.663, 'backtest_sharpe': 0.661, 'meta_optimization': 0.2, 'regime_conditional': 0.661, 'composite_score': 0.657, 'trimmed_mean': 0.656}.",
  "weights": {
    "kr-large-cap": 0.03713758520361597,
    "kr-kosdaq": 0.032626197911333456,
    "kr-dividend": 0.04081975937044632,
    "us-large-cap": 0.03948930772258192,
    "us-tech": 0.035913403346398795,
    "us-dividend": 0.051548442698375184,
    "intl-developed": 0.03553243351174539,
    "emerging-markets": 0.03705580885996229,
    "kr-treasuries-10y": 0.06377366885253027,
    "kr-short-bonds": 0.06983209747583444,
    "kr-credit": 0.13110593907920987,
    "us-treasuries-10y": 0.061428734675321436,
    "us-treasuries-30y": 0.030681100307227045,
    "us-ig-credit": 0.04204452178213849,
    "gold": 0.02516394632121755,
    "commodities": 0.015754663080232923,
    "kofr-cash": 0.13763647159951037,
    "money-market": 0.11245591820231825
  },
  "weights_pre_tilt": {
    "kr-large-cap": 0.03713758520361597,
    "kr-kosdaq": 0.032626197911333456,
    "kr-dividend": 0.04081975937044632,
    "us-large-cap": 0.03948930772258192,
    "us-tech": 0.035913403346398795,
    "us-dividend": 0.051548442698375184,
    "intl-developed": 0.03553243351174539,
    "emerging-markets": 0.03705580885996229,
    "kr-treasuries-10y": 0.07604973257846481,
    "kr-short-bonds": 0.04996462427818866,
    "kr-credit": 0.12342874483212138,
    "us-treasuries-10y": 0.07325341208601821,
    "us-treasuries-30y": 0.03658703530093512,
    "us-ig-credit": 0.03958251309653345,
    "gold": 0.02516394632121755,
    "commodities": 0.015754663080232923,
    "kofr-cash": 0.13763647159951037,
    "money-market": 0.11245591820231825
  },
  "fi_curve_tilt": {
    "applied": true,
    "regime": "bear-parallel",
    "rules": {
      "long_duration": 0.75,
      "credit": 0.95,
      "cash_like": 1.25
    },
    "fi_total": 0.39886606217226156,
    "shifts_pp": {
      "kr-treasuries-10y": -1.2276063725934538,
      "kr-short-bonds": 1.9867473197645777,
      "kr-credit": 0.7677194247088487,
      "us-treasuries-10y": -1.1824677410696773,
      "us-treasuries-30y": -0.5905934993708075,
      "us-ig-credit": 0.24620086856050397
    }
  },
  "ensemble_agent_weights": {
    "equal-weight": 0.03249358692044169,
    "market-cap-weight": 0.02260258512123557,
    "inverse-volatility": 0.09512571185951503,
    "inverse-variance": 0.0474333072714813,
    "volatility-targeting": 0.09512571185951503,
    "max-sharpe": 0.045331729308680464,
    "black-litterman": 0.038680004851793036,
    "robust-mv": 0.05494430891506834,
    "resampled-ef": 0.04698548430901004,
    "mean-downside": 0.03908052467111136,
    "gmv": 0.0441617279003048,
    "risk-parity": 0.05819284732149724,
    "hrp": 0.046444888608034446,
    "max-diversification": 0.05844200443194148,
    "min-correlation": 0.08603074579308909,
    "cvar-min": 0.03249358692044169,
    "max-dd-constrained": 0.023809655285995324,
    "tail-risk-parity": 0.033015253976202495,
    "tpa": 0.041512161696872385,
    "max-entropy": 0.03249358692044169,
    "adversarial-diversifier": 0.02560058605732752
  },
  "metrics": {
    "expected_return": 0.04262040373394128,
    "expected_vol": 0.04756759568345076,
    "backtest_sharpe": 2.338643265781076,
    "backtest_maxdd": -0.04401029777053367,
    "hhi": 0.0773385250571648,
    "effective_n": 12.930166424312457,
    "top3": 0.3811983288810385,
    "ips_compliance": 0.8,
    "tracking_error": 0.08808479818239005,
    "diversification": 0.3720315010369228,
    "composite": 0.6624011513221177
  },
  "ensembles": {
    "simple_average": {
      "kr-large-cap": 0.03821752554754822,
      "kr-kosdaq": 0.03444622118624455,
      "kr-dividend": 0.04190784895392875,
      "us-large-cap": 0.044136154175511096,
      "us-tech": 0.0376822715497415,
      "us-dividend": 0.05483860292597737,
      "intl-developed": 0.03786150949805693,
      "emerging-markets": 0.03890853124689018,
      "kr-treasuries-10y": 0.07417964870716598,
      "kr-short-bonds": 0.05074799334581122,
      "kr-credit": 0.1167948413480349,
      "us-treasuries-10y": 0.0770655391116349,
      "us-treasuries-30y": 0.04032794248602608,
      "us-ig-credit": 0.03791675398026596,
      "gold": 0.026053280667504647,
      "commodities": 0.01794164463166282,
      "kofr-cash": 0.12513917011899475,
      "money-market": 0.10583452051900014
    },
    "inverse_te": {
      "kr-large-cap": 0.03713758520361597,
      "kr-kosdaq": 0.032626197911333456,
      "kr-dividend": 0.04081975937044632,
      "us-large-cap": 0.03948930772258192,
      "us-tech": 0.035913403346398795,
      "us-dividend": 0.051548442698375184,
      "intl-developed": 0.03553243351174539,
      "emerging-markets": 0.03705580885996229,
      "kr-treasuries-10y": 0.07604973257846481,
      "kr-short-bonds": 0.04996462427818866,
      "kr-credit": 0.12342874483212138,
      "us-treasuries-10y": 0.07325341208601821,
      "us-treasuries-30y": 0.03658703530093512,
      "us-ig-credit": 0.03958251309653345,
      "gold": 0.02516394632121755,
      "commodities": 0.015754663080232923,
      "kofr-cash": 0.13763647159951037,
      "money-market": 0.11245591820231825
    },
    "backtest_sharpe": {
      "kr-large-cap": 0.03794402423985041,
      "kr-kosdaq": 0.034020190569723656,
      "kr-dividend": 0.04178556397766001,
      "us-large-cap": 0.043257011605746555,
      "us-tech": 0.037340407745518896,
      "us-dividend": 0.05489244679341044,
      "intl-developed": 0.03735403009728308,
      "emerging-markets": 0.03861196583685323,
      "kr-treasuries-10y": 0.0758846427959633,
      "kr-short-bonds": 0.05142364277562319,
      "kr-credit": 0.11885529535766763,
      "us-treasuries-10y": 0.07565504669746571,
      "us-treasuries-30y": 0.03843070176770613,
      "us-ig-credit": 0.0382301674058701,
      "gold": 0.026393595623138,
      "commodities": 0.018044128596754645,
      "kofr-cash": 0.12527607353998987,
      "money-market": 0.10660106457377516
    },
    "meta_optimization": {
      "kr-large-cap": NaN,
      "kr-kosdaq": NaN,
      "kr-dividend": NaN,
      "us-large-cap": NaN,
      "us-tech": NaN,
      "us-dividend": NaN,
      "intl-developed": NaN,
      "emerging-markets": NaN,
      "kr-treasuries-10y": NaN,
      "kr-short-bonds": NaN,
      "kr-credit": NaN,
      "us-treasuries-10y": NaN,
      "us-treasuries-30y": NaN,
      "us-ig-credit": NaN,
      "gold": NaN,
      "commodities": NaN,
      "kofr-cash": NaN,
      "money-market": NaN
    },
    "regime_conditional": {
      "kr-large-cap": 0.038321203414376434,
      "kr-kosdaq": 0.03500157235762488,
      "kr-dividend": 0.042019245911984957,
      "us-large-cap": 0.04298554727672272,
      "us-tech": 0.03807220907345058,
      "us-dividend": 0.054622374348598304,
      "intl-developed": 0.03808591566720578,
      "emerging-markets": 0.039079742324346356,
      "kr-treasuries-10y": 0.07335273926322851,
      "kr-short-bonds": 0.051189668058705576,
      "kr-credit": 0.11513842533685999,
      "us-treasuries-10y": 0.0767916977779086,
      "us-treasuries-30y": 0.040510878031908525,
      "us-ig-credit": 0.03848188075933143,
      "gold": 0.026473209307492147,
      "commodities": 0.018574608582931213,
      "kofr-cash": 0.12568725754307802,
      "money-market": 0.10561182496424591
    },
    "composite_score": {
      "kr-large-cap": 0.04184864075889403,
      "kr-kosdaq": 0.03996483601033751,
      "kr-dividend": 0.04475319055329306,
      "us-large-cap": 0.039509398662072495,
      "us-tech": 0.0419777674276613,
      "us-dividend": 0.055094659765013744,
      "intl-developed": 0.04157787135003679,
      "emerging-markets": 0.0419048397907943,
      "kr-treasuries-10y": 0.06857183639427333,
      "kr-short-bonds": 0.05428793024276549,
      "kr-credit": 0.09927682006540677,
      "us-treasuries-10y": 0.07005729852739247,