{
  "mean_ann": 0.033429610780008466,
  "vol_ann": 0.01583540208002789,
  "sharpe": 2.111068011476068,
  "skew": 21.55186750489156,
  "kurtosis": 493.173784638779,
  "max_drawdown": -8.99202873174687e-05,
  "obs": 674
}