{
  "macro": -0.5945,
  "momentum": 0.06863787794651355,
  "trend": 0.04199834340300264,
  "mean_reversion": -0.828955703757418,
  "sentiment": -0.036559603025973886,
  "composite": -0.2698758170867751
}