{
  "mean_ann": 0.14381592088285386,
  "vol_ann": 0.2607457866602279,
  "sharpe": 0.5515560681724734,
  "skew": 0.2674976015178942,
  "kurtosis": 7.540645374039537,
  "max_drawdown": -0.8296390533926034,
  "obs": 6856
}