{
  "mean_ann": 0.14249003453829573,
  "vol_ann": 0.2607711817929347,
  "sharpe": 0.5464178731660614,
  "skew": 0.26830650645092524,
  "kurtosis": 7.541340742647401,
  "max_drawdown": -0.8296391179676692,
  "obs": 6853
}