{
  "macro": 0.17650000000000002,
  "momentum": 0.5132340074578858,
  "trend": 0.2347964798573211,
  "mean_reversion": -0.8869723911174451,
  "sentiment": -0.24304737399920331,
  "composite": -0.04109785556028829
}