{
  "macro": 0.20625000000000002,
  "momentum": 0.5423760586860703,
  "trend": 0.20998970084363813,
  "mean_reversion": -0.8211848031033259,
  "sentiment": -0.32417464047536226,
  "composite": -0.03734873680979593
}