{
  "mean_ann": 0.038501151529982895,
  "vol_ann": 0.14049690530546396,
  "sharpe": 0.27403558424489777,
  "skew": 0.12499779216525894,
  "kurtosis": 4.992603788754738,
  "max_drawdown": -0.5256970104131689,
  "obs": 6049
}