{
  "mean_ann": 0.038380327299165524,
  "vol_ann": 0.14052684315032557,
  "sharpe": 0.27311740902134257,
  "skew": 0.12513287477576132,
  "kurtosis": 4.989787990910083,
  "max_drawdown": -0.5256970104131691,
  "obs": 6046
}