{
  "macro": -0.2866666666666666,
  "momentum": -0.05664700411848908,
  "trend": -0.03618537647996517,
  "mean_reversion": 0.45406486508462107,
  "sentiment": 0.021683623229529325,
  "composite": 0.019249888209805898
}