{
  "macro": -0.24600000000000002,
  "momentum": -0.11257807696338407,
  "trend": -0.025040324142512702,
  "mean_reversion": 0.538755915682321,
  "sentiment": -0.06239194094392719,
  "composite": 0.018549114726499394
}