{
  "mean_ann": 0.12116276359236827,
  "vol_ann": 0.18932901198277796,
  "sharpe": 0.6399587803447138,
  "skew": -0.03806711344555878,
  "kurtosis": 11.571473844769224,
  "max_drawdown": -0.551894608148981,
  "obs": 7701
}