{
  "macro": 0.21475000000000002,
  "momentum": 0.45315727985200005,
  "trend": 0.21970088443841457,
  "mean_reversion": -0.764804679252556,
  "sentiment": 0.3538252650593914,
  "valuation": -0.703905603936621,
  "composite": -0.03787947563989519
}