{
  "weights": {
    "kr-large-cap": 0.06874750929101286,
    "kr-kosdaq": 0.06867218774957154,
    "kr-dividend": 0.0687482334901036,
    "us-large-cap": 0.06880182867365242,
    "us-tech": 0.06868426134633253,
    "us-dividend": 0.06891586141648214,
    "intl-developed": 0.06874483039799292,
    "emerging-markets": 0.0686852869229051,
    "kr-treasuries-10y": 0.04243247027698236,
    "kr-short-bonds": 0.03819439381891848,
    "kr-credit": 0.055525989668107435,
    "us-treasuries-10y": 0.03908368480172679,
    "us-treasuries-30y": 0.03681799139758177,
    "us-ig-credit": 0.03794546813581005,
    "gold": 0.07524326867663357,
    "commodities": 0.07475672843088339,
    "kofr-cash": 0.05000000550530319,
    "money-market": 0.0
  }
}