{
  "weights": {
    "kr-large-cap": 0.05460097638634179,
    "kr-kosdaq": 0.054408216597191306,
    "kr-dividend": 0.054599498603201665,
    "us-large-cap": 0.054732139905218476,
    "us-tech": 0.05443870768306202,
    "us-dividend": 0.05501662170579045,
    "intl-developed": 0.05458990422301881,
    "emerging-markets": 0.05444141891568439,
    "kr-treasuries-10y": 0.04550804499996463,
    "kr-short-bonds": 0.034920478437908194,
    "kr-credit": 0.0781919945571586,
    "us-treasuries-10y": 0.037146822076473025,
    "us-treasuries-30y": 0.03148420702112978,
    "us-ig-credit": 0.03430130930126963,
    "gold": 0.0014176275349439306,
    "commodities": 0.00020202322364453937,
    "kofr-cash": 0.1951042730953135,
    "money-market": 0.10489573573268529
  }
}