{
  "macro": 0.5525,
  "momentum": 0.7908864514345965,
  "trend": 0.5536856071450624,
  "mean_reversion": -0.48349969307329665,
  "sentiment": 0.21675985199682812,
  "composite": 0.32606644350063807
}