{
  "mean_ann": 0.14158099650283576,
  "vol_ann": 0.25993899218287125,
  "sharpe": 0.5446700986023338,
  "skew": 0.2698208227327091,
  "kurtosis": 7.609066254713833,
  "max_drawdown": -0.8296390595096061,
  "obs": 6897
}