{
  "macro": 0.21475000000000002,
  "momentum": 0.5423759246532106,
  "trend": 0.20998969591094344,
  "mean_reversion": -0.8211848111036787,
  "sentiment": -0.14632683486734827,
  "composite": -7.920508137458926e-05
}