{
  "mean_ann": 0.11010280291269378,
  "vol_ann": 0.18313951718829807,
  "sharpe": 0.6011963152632409,
  "skew": -0.42167586894601355,
  "kurtosis": 9.615734552074567,
  "max_drawdown": -0.4491180402608035,
  "obs": 5464
}