{
  "mean_ann": 0.11136630539664004,
  "vol_ann": 0.18312862194550106,
  "sharpe": 0.6081316192603828,
  "skew": -0.42236357669974106,
  "kurtosis": 9.61304812996374,
  "max_drawdown": -0.4491180402608035,
  "obs": 5467
}