{
  "macro": 0.5525,
  "momentum": 0.7908864514345965,
  "trend": 0.5536856071450624,
  "mean_reversion": -0.48349969307329665,
  "sentiment": 0.28567980626183676,
  "composite": 0.3398504343536398
}