{
  "macro": 0.5945,
  "momentum": 0.8187539540486972,
  "trend": 0.5134317231313024,
  "mean_reversion": -0.5664291995121313,
  "sentiment": 0.23972721716936052,
  "composite": 0.31999673896744574
}