{
  "weights": {
    "kr-large-cap": 0.06826209144334337,
    "kr-kosdaq": 0.07020492511700602,
    "kr-dividend": 0.06672089490905679,
    "us-large-cap": 0.06868683171505714,
    "us-tech": 0.06762874149223987,
    "us-dividend": 0.0677969749642933,
    "intl-developed": 0.06938694903428061,
    "emerging-markets": 0.07131252764602901,
    "kr-treasuries-10y": 0.03978240324502176,
    "kr-short-bonds": 0.04791758136445241,
    "kr-credit": 0.02869503688338425,
    "us-treasuries-10y": 0.04511683474658153,
    "us-treasuries-30y": 0.060720386419479626,
    "us-ig-credit": 0.05090394039181048,
    "gold": 0.07986417898965231,
    "commodities": 0.07013581818388236,
    "kofr-cash": 0.009273556793806488,
    "money-market": 0.017590326660622768
  }
}