{
  "weights": {
    "kr-large-cap": 0.05978546953801958,
    "kr-kosdaq": 0.04814140706987828,
    "kr-dividend": 0.05795885575793516,
    "us-large-cap": 0.057785361428548045,
    "us-tech": 0.0507158811744552,
    "us-dividend": 0.07014591740908771,
    "intl-developed": 0.055092377832010736,
    "emerging-markets": 0.05060868638400889,
    "kr-treasuries-10y": 0.05772308468928411,
    "kr-short-bonds": 0.0692398142415428,
    "kr-credit": 0.04234488611505937,
    "us-treasuries-10y": 0.0683807803023,
    "us-treasuries-30y": 0.08682139874158605,
    "us-ig-credit": 0.07259371636967914,
    "gold": 0.06806999357753381,
    "commodities": 0.03522831399608474,
    "kofr-cash": 0.019475825020462256,
    "money-market": 0.02988823035252419
  }
}