{
  "mean_ann": 0.0321757317401517,
  "vol_ann": 0.0014572087772587023,
  "sharpe": 22.080385626471873,
  "skew": 1.6486364598526682,
  "kurtosis": 5.166243358653236,
  "max_drawdown": -4.6570111302712824e-05,
  "obs": 964
}