{
  "mean_ann": 0.03219324124586894,
  "vol_ann": 0.0014570270248621057,
  "sharpe": 22.095157259636785,
  "skew": 1.6538632709217143,
  "kurtosis": 5.186050427887944,
  "max_drawdown": -4.664462348080711e-05,
  "obs": 961
}