{
  "macro": -0.5945,
  "momentum": 0.06835410170508985,
  "trend": 0.0403458047522506,
  "mean_reversion": -0.8230388338596345,
  "sentiment": 0.15941844659402604,
  "composite": -0.22988409616165364
}