{
  "macro": -0.5525,
  "momentum": 0.06836138201763875,
  "trend": 0.04036757262678915,
  "mean_reversion": -0.8230896831923461,
  "sentiment": 0.07323971378849176,
  "composite": -0.23872420295188532
}