{
  "weights": {
    "kr-large-cap": 0.09195784959386175,
    "kr-kosdaq": 0.09195784959386175,
    "kr-dividend": 0.09195784959386175,
    "us-large-cap": 0.09195784959386175,
    "us-tech": 0.09195784959386175,
    "us-dividend": 0.09195784959386175,
    "intl-developed": 0.09195784959386175,
    "emerging-markets": 0.09195784959386175,
    "kr-treasuries-10y": 0.027922170383307302,
    "kr-short-bonds": 0.027922170383307302,
    "kr-credit": 0.027922170383307302,
    "us-treasuries-10y": 0.027922170383307302,
    "us-treasuries-30y": 0.027922170383307302,
    "us-ig-credit": 0.027922170383307302,
    "gold": 0.0024256944299286738,
    "commodities": 0.0024256944299286738,
    "kofr-cash": 0.04597639604470248,
    "money-market": 0.04597639604470248
  }
}