{
  "mean_ann": 0.12240879859261308,
  "vol_ann": 0.1898507397256028,
  "sharpe": 0.6447633481414629,
  "skew": -0.039059104463284984,
  "kurtosis": 11.489308642084325,
  "max_drawdown": -0.5518943928486579,
  "obs": 7660
}