{
  "mean_ann": 0.12185899976869674,
  "vol_ann": 0.18987132332992707,
  "sharpe": 0.6417978114417535,
  "skew": -0.0386511133538828,
  "kurtosis": 11.488543458784152,
  "max_drawdown": -0.5518946460300689,
  "obs": 7657
}