{
  "macro": 0.17650000000000002,
  "momentum": 0.4261804130135739,
  "trend": 0.22701061866412023,
  "mean_reversion": -0.8134259497831398,
  "sentiment": 0.2721560306251024,
  "valuation": -0.703905603936621,
  "composite": -0.06924741523616072
}