{
  "macro": 0.20625000000000002,
  "momentum": 0.45315750695549173,
  "trend": 0.21970087225523147,
  "mean_reversion": -0.764804644649375,
  "sentiment": 0.21883101300975494,
  "valuation": -0.703905603936621,
  "composite": -0.061795142727586315
}