{
  "chosen_ensemble": "inverse_te",
  "rationale": "Regime 'late-cycle' favors 'inverse_te'. Diagnostics: {'simple_average': 0.786, 'inverse_te': 0.785, 'backtest_sharpe': 0.785, 'meta_optimization': 0.2, 'regime_conditional': 0.785, 'composite_score': 0.785, 'trimmed_mean': 0.786}.",
  "weights": {
    "kr-large-cap": 0.1375039502235317,
    "kr-dividend": 0.14034204126184674,
    "us-large-cap": 0.1385936524468449,
    "us-tech": 0.13356033528640254,
    "kr-treasuries-10y": 0.09035432397471292,
    "us-treasuries-10y": 0.08008628780185852,
    "us-ig-credit": 0.08342027780469743,
    "gold": 0.14999999139748738,
    "kofr-cash": 0.02650910853576418,
    "money-market": 0.019630031266853802
  },
  "weights_pre_tilt": {
    "kr-large-cap": 0.1375039502235317,
    "kr-dividend": 0.14034204126184674,
    "us-large-cap": 0.1385936524468449,
    "us-tech": 0.13356033528640254,
    "kr-treasuries-10y": 0.09706962651146077,
    "us-treasuries-10y": 0.08603845066442446,
    "us-ig-credit": 0.07075281240538359,
    "gold": 0.14999999139748738,
    "kofr-cash": 0.02650910853576418,
    "money-market": 0.019630031266853802
  },
  "fi_curve_tilt": {
    "applied": true,
    "regime": "bear-parallel",
    "rules": {
      "long_duration": 0.75,
      "credit": 0.95,
      "cash_like": 1.25
    },
    "fi_total": 0.25386088958126884,
    "shifts_pp": {
      "kr-treasuries-10y": -0.6715302536747847,
      "us-treasuries-10y": -0.5952162862565946,
      "us-ig-credit": 1.2667465399313849
    }
  },
  "ensemble_agent_weights": {
    "equal-weight": 0.05733997000996327,
    "market-cap-weight": 0.008969610987351564,
    "inverse-volatility": 0.10682153521903939,
    "inverse-variance": 0.06202358443584236,
    "volatility-targeting": 0.10682153521903939,
    "max-sharpe": 0.036451084949305816,
    "black-litterman": 0.05913386977780847,
    "robust-mv": 0.021832366882446337,
    "resampled-ef": 0.038818154399753516,
    "mean-downside": 0.012222705278904466,
    "gmv": 0.036825924099240036,
    "risk-parity": 0.024537758550286483,
    "hrp": 0.060676197809297935,
    "max-diversification": 0.07230580493698263,
    "min-correlation": 0.050839461797642746,
    "cvar-min": 0.05733997000996327,
    "max-dd-constrained": 0.0038837205074937634,
    "tail-risk-parity": 0.015697917280066656,
    "tpa": 0.07412805295925497,
    "max-entropy": 0.05733997000996327,
    "adversarial-diversifier": 0.035990804880353486
  },
  "metrics": {
    "expected_return": 0.05520270258985534,
    "expected_vol": 0.08872088435836209,
    "backtest_sharpe": 2.440666250145499,
    "backtest_maxdd": -0.07828659316342013,
    "hhi": 0.12077451701895775,
    "effective_n": 8.279892353806986,
    "top3": 0.428935685106179,
    "ips_compliance": 0.9,
    "tracking_error": 0.08091671572462265,
    "diversification": 0.3636464947017502,
    "composite": 0.7849433602880517
  },
  "ensembles": {
    "simple_average": {
      "kr-large-cap": 0.13967213006549895,
      "kr-dividend": 0.14378614676377097,
      "us-large-cap": 0.13879003114129337,
      "us-tech": 0.1277516720092611,
      "kr-treasuries-10y": 0.09795629969549727,
      "us-treasuries-10y": 0.08721707288472039,
      "us-ig-credit": 0.06845438526397998,
      "gold": 0.1499999912338137,
      "kofr-cash": 0.026632643141867782,
      "money-market": 0.01973962780029659
    },
    "inverse_te": {
      "kr-large-cap": 0.1375039502235317,
      "kr-dividend": 0.14034204126184674,
      "us-large-cap": 0.1385936524468449,
      "us-tech": 0.13356033528640254,
      "kr-treasuries-10y": 0.09706962651146077,
      "us-treasuries-10y": 0.08603845066442446,
      "us-ig-credit": 0.07075281240538359,
      "gold": 0.14999999139748738,
      "kofr-cash": 0.02650910853576418,
      "money-market": 0.019630031266853802
    },
    "backtest_sharpe": {
      "kr-large-cap": 0.13931365453658986,
      "kr-dividend": 0.14344112860311864,
      "us-large-cap": 0.13919785363106513,
      "us-tech": 0.12804734316031027,
      "kr-treasuries-10y": 0.0977435125869813,
      "us-treasuries-10y": 0.08715444078847832,
      "us-ig-credit": 0.0687235603326875,
      "gold": 0.14999999124441138,
      "kofr-cash": 0.026619197601442133,
      "money-market": 0.019759317514915397
    },
    "meta_optimization": {
      "kr-large-cap": NaN,
      "kr-dividend": NaN,
      "us-large-cap": NaN,
      "us-tech": NaN,
      "kr-treasuries-10y": NaN,
      "us-treasuries-10y": NaN,
      "us-ig-credit": NaN,
      "gold": NaN,
      "kofr-cash": NaN,
      "money-market": NaN
    },
    "regime_conditional": {
      "kr-large-cap": 0.13971847740236176,
      "kr-dividend": 0.14374926215683054,
      "us-large-cap": 0.13793989903379578,
      "us-tech": 0.12859234147225168,
      "kr-treasuries-10y": 0.09793162596597553,
      "us-treasuries-10y": 0.08602915709999824,
      "us-ig-credit": 0.06959474269532116,
      "gold": 0.14999999135425754,
      "kofr-cash": 0.027144500390739228,
      "money-market": 0.019300002428468625
    },
    "composite_score": {
      "kr-large-cap": 0.13992019413503676,
      "kr-dividend": 0.14297745438237255,
      "us-large-cap": 0.13446248103651662,
      "us-tech": 0.13263985102138892,
      "kr-treasuries-10y": 0.09759427256768441,
      "us-treasuries-10y": 0.07910910497264682,
      "us-ig-credit": 0.07617438546188852,
      "gold": 0.14999999200647346,
      "kofr-cash": 0.030494717682194288,
      "money-market": 0.016627546733797616
    },
    "trimmed_mean": {
      "kr-large-cap": 0.14054204938152157,
      "kr-dividend": 0.1443621297496123,
      "us-large-cap": 0.13851634266575846,
      "us-tech": 0.12657945798800946,
      "kr-treasuries-10y": 0.09569253956292277,
      "us-treasuries-10y": 0.09035093316839439,
      "us-ig-credit": 0.06720734304417235,
      "gold": 0.14999999115188772,
      "kofr-cash": 0.026174638665359396,
      "money-market": 0.02057457462236161
    }
  },
  "diagnostics": {
    "simple_average": {
      "expected_return": 0.055202533986131806,
      "expected_vol": 0.08828357638766489,
      "backtest_sharpe": 2.439382283992574,
      "backtest_maxdd": -0.07700520569088998,
      "hhi": 0.12125312763461196,
      "effective_n": 8.247209944253413,
      "top3": 0.43345826806308363,
      "ips_compliance": 0.9,
      "tracking_error": 0.07962339257940101,
      "diversification": 0.36295725609168844,
      "composite": 0.7855146484383861
    },
    "inverse_te": {
      "expected_return": 0.05520270258985535,
      "expected_vol": 0.08862497549507971,
      "backtest_sharpe": 2.439494911448068,
      "backtest_maxdd": -0.07777107965720531,
      "hhi": 0.12106894476221586,
      "effective_n": 8.259756471521571,
      "top3": 0.428935685106179,
      "ips_compliance": 0.9,
      "tracking_error": 0.0807177400538165,
      "diversification": 0.3625704249415072,
      "composite": 0.7850935100651348
    },
    "backtest_sharpe": {
      "expected_return": 0.05520309927546465,
      "expected_vol": 0.08829890333856114,
      "backtest_sharpe": 2.439713085339744,
      "backtest_maxdd": -0.07707481165691321,
      "hhi": 0.12122744449090404,
      "effective_n": 8.24895719116666,
      "top3": 0.43275477438411986,
      "ips_compliance": 0.9,
      "tracking_error": 0.07975324177218142,
      "diversification": 0.36300369280399947,
      "composite": 0.7854861042389852
    },
    "meta_optimization": {
      "expected_return": NaN,
      "expected_vol": NaN,
      "backtest_sharpe": 0.0,
      "backtest_maxdd": NaN,
      "hhi": NaN,
      "effective_n": 0.0,
      "top3": NaN,
      "ips_compliance": 1.0,
      "tracking_error": NaN,
      "diversification": 0.0,
      "composite": 0.2
    },
    "regime_conditional": {
      "expected_return": 0.055201463555653064,
      "expected_vol": 0.08834860825649055,
      "backtest_sharpe": 2.4384792068896406,
      "backtest_maxdd": -0.0771139245773863,
      "hhi": 0.12119286817702038,
      "effective_n": 8.25131061787687,
      "top3": 0.4334677309134498,