{
  "chosen_ensemble": "inverse_te",
  "rationale": "Regime 'late-cycle' favors 'inverse_te'. Diagnostics: {'simple_average': 0.683, 'inverse_te': 0.681, 'backtest_sharpe': 0.683, 'meta_optimization': 0.2, 'regime_conditional': 0.682, 'composite_score': 0.677, 'trimmed_mean': 0.678}.",
  "weights": {
    "kr-large-cap": 0.08278524001895501,
    "kr-dividend": 0.08445827232901262,
    "us-large-cap": 0.08446099358633719,
    "us-tech": 0.07451378024317021,
    "kr-treasuries-10y": 0.14117236863162586,
    "us-treasuries-10y": 0.117463612168911,
    "us-ig-credit": 0.08434957848247229,
    "gold": 0.053380725755709166,
    "kofr-cash": 0.14256709720281652,
    "money-market": 0.1348483315809902
  },
  "ensemble_agent_weights": {
    "equal-weight": 0.03640908520129697,
    "market-cap-weight": 0.0158901498869339,
    "inverse-volatility": 0.16032629117439479,
    "inverse-variance": 0.026913318567410457,
    "volatility-targeting": 0.16032629117439479,
    "max-sharpe": 0.03166981576532669,
    "black-litterman": 0.03765224040769983,
    "robust-mv": 0.030890045657999184,
    "resampled-ef": 0.03291986184963189,
    "mean-downside": 0.04638377711466623,
    "gmv": 0.029442038802882438,
    "risk-parity": 0.0595193284655099,
    "hrp": 0.02666526681089607,
    "max-diversification": 0.03947415515137836,
    "min-correlation": 0.0924178032683932,
    "cvar-min": 0.03640908520129697,
    "max-dd-constrained": 0.016306369030147615,
    "tail-risk-parity": 0.030356228651618352,
    "tpa": 0.027568206694216713,
    "max-entropy": 0.03640908520129697,
    "adversarial-diversifier": 0.02605155592260855
  },
  "metrics": {
    "expected_return": 0.0497749705404108,
    "expected_vol": 0.05128246141087047,
    "backtest_sharpe": 2.5053727294488066,
    "backtest_maxdd": -0.0438223686739414,
    "hhi": 0.10887369946973939,
    "effective_n": 9.184954721575732,
    "top3": 0.41858779741543256,
    "ips_compliance": 0.8,
    "tracking_error": 0.08410165571933306,
    "diversification": 0.4628416684940816,
    "composite": 0.6806571493618456
  },
  "ensembles": {
    "simple_average": {
      "kr-large-cap": 0.08499151928043618,
      "kr-dividend": 0.08216481043211737,
      "us-large-cap": 0.08461550853203412,
      "us-tech": 0.07241488408564502,
      "kr-treasuries-10y": 0.14354611541218693,
      "us-treasuries-10y": 0.1297563450363903,
      "us-ig-credit": 0.08030974466995817,
      "gold": 0.054763615713442695,
      "kofr-cash": 0.14248229132823637,
      "money-market": 0.1249551655095529
    },
    "inverse_te": {
      "kr-large-cap": 0.08278524001895501,
      "kr-dividend": 0.08445827232901262,
      "us-large-cap": 0.08446099358633719,
      "us-tech": 0.07451378024317021,
      "kr-treasuries-10y": 0.14117236863162586,
      "us-treasuries-10y": 0.117463612168911,
      "us-ig-credit": 0.08434957848247229,
      "gold": 0.053380725755709166,
      "kofr-cash": 0.14256709720281652,
      "money-market": 0.1348483315809902
    },
    "backtest_sharpe": {
      "kr-large-cap": 0.0842281812976809,
      "kr-dividend": 0.08211468271185997,
      "us-large-cap": 0.08416946123164823,
      "us-tech": 0.0722718211013365,
      "kr-treasuries-10y": 0.14264002804938966,
      "us-treasuries-10y": 0.13066697939735847,
      "us-ig-credit": 0.08012457244888932,
      "gold": 0.05608115290646416,
      "kofr-cash": 0.14220358131923855,
      "money-market": 0.12549953953613424
    },
    "meta_optimization": {
      "kr-large-cap": NaN,
      "kr-dividend": NaN,
      "us-large-cap": NaN,
      "us-tech": NaN,
      "kr-treasuries-10y": NaN,
      "us-treasuries-10y": NaN,
      "us-ig-credit": NaN,
      "gold": NaN,
      "kofr-cash": NaN,
      "money-market": NaN
    },
    "regime_conditional": {
      "kr-large-cap": 0.08507674558153219,
      "kr-dividend": 0.08292584918913591,
      "us-large-cap": 0.08353657499907194,
      "us-tech": 0.07322746796429375,
      "kr-treasuries-10y": 0.14310680469226614,
      "us-treasuries-10y": 0.12744153774618194,
      "us-ig-credit": 0.08191999182940775,
      "gold": 0.05529004607039704,
      "kofr-cash": 0.1422600453167137,
      "money-market": 0.12521493661099953
    },
    "composite_score": {
      "kr-large-cap": 0.08689407826204351,
      "kr-dividend": 0.09083910505345005,
      "us-large-cap": 0.08213820850140674,
      "us-tech": 0.08156092642741399,
      "kr-treasuries-10y": 0.13540205828691457,
      "us-treasuries-10y": 0.1087089521925868,
      "us-ig-credit": 0.09498856590668024,
      "gold": 0.05933244824454307,
      "kofr-cash": 0.13555435957683823,
      "money-market": 0.1245812975481228
    },
    "trimmed_mean": {
      "kr-large-cap": 0.08247188555925673,
      "kr-dividend": 0.08829831062877669,
      "us-large-cap": 0.09185445573642799,
      "us-tech": 0.0781731555477604,
      "kr-treasuries-10y": 0.14054498593513629,
      "us-treasuries-10y": 0.120177241644845,
      "us-ig-credit": 0.0860965718900454,
      "gold": 0.05260771333948594,
      "kofr-cash": 0.13400299462404755,
      "money-market": 0.12577268509421805
    }
  },
  "diagnostics": {
    "simple_average": {
      "expected_return": 0.049767788346615,
      "expected_vol": 0.05096578933961702,
      "backtest_sharpe": 2.5137468512732433,
      "backtest_maxdd": -0.043274732373285496,
      "hhi": 0.10918421589597402,
      "effective_n": 9.158833003414674,
      "top3": 0.41578475177681357,
      "ips_compliance": 0.8,
      "tracking_error": 0.08409010354557168,
      "diversification": 0.4708954522397131,
      "composite": 0.6825417242612999
    },
    "inverse_te": {
      "expected_return": 0.0497749705404108,
      "expected_vol": 0.05128246141087047,
      "backtest_sharpe": 2.5053727294488066,
      "backtest_maxdd": -0.0438223686739414,
      "hhi": 0.10887369946973939,
      "effective_n": 9.184954721575732,
      "top3": 0.41858779741543256,
      "ips_compliance": 0.8,
      "tracking_error": 0.08410165571933306,
      "diversification": 0.4628416684940816,
      "composite": 0.6806571493618456
    },
    "backtest_sharpe": {
      "expected_return": 0.0497688293611298,
      "expected_vol": 0.05085114486327302,
      "backtest_sharpe": 2.5181615743237695,
      "backtest_maxdd": -0.043072342069629954,
      "hhi": 0.10910199486290886,
      "effective_n": 9.165735248530892,
      "top3": 0.4155105887659867,
      "ips_compliance": 0.8,
      "tracking_error": 0.08422370816292636,
      "diversification": 0.47286211111574666,
      "composite": 0.6830362511883343
    },
    "meta_optimization": {
      "expected_return": NaN,
      "expected_vol": NaN,
      "backtest_sharpe": 0.0,
      "backtest_maxdd": NaN,
      "hhi": NaN,
      "effective_n": 0.0,
      "top3": NaN,
      "ips_compliance": 1.0,
      "tracking_error": NaN,
      "diversification": 0.0,
      "composite": 0.2
    },
    "regime_conditional": {
      "expected_return": 0.04978532852024161,
      "expected_vol": 0.05112877858933875,
      "backtest_sharpe": 2.511402170665485,
      "backtest_maxdd": -0.043433834435675944,
      "hhi": 0.10886084872167018,
      "effective_n": 9.186038982267617,
      "top3": 0.4128083877551618,
      "ips_compliance": 0.8,
      "tracking_error": 0.08397288559071181,
      "diversification": 0.4698351741582893,
      "composite": 0.6822501176138198
    },
    "composite_score": {
      "expected_return": 0.05012491107634533,
      "expected_vol": 0.05399763982559394,
      "backtest_sharpe": 2.4848976767040054,
      "backtest_maxdd": -0.04639275347192262,
      "hhi": 0.1057911987013434,
      "effective_n": 9.452582183354176,
      "top3": 0.39553771541187566,
      "ips_compliance": 0.8,
      "tracking_error": 0.08297552762448526,
      "diversification": 0.4526259990754893,
      "composite": 0.6773288230791366
    },
    "trimmed_mean": {
      "expected_return": 0.05000441607965883,
      "expected_vol": 0.0532782359779832,
      "backtest_sharpe": 2.4903337083272583,