{
  "mean_ann": 0.121162760998253,
  "vol_ann": 0.18932896410080058,
  "sharpe": 0.6399589284909665,
  "skew": -0.038068749183445334,
  "kurtosis": 11.571422846199331,
  "max_drawdown": -0.5518945123154906,
  "obs": 7701
}