{
  "mean_ann": 0.12170967266436519,
  "vol_ann": 0.1893087353577659,
  "sharpe": 0.642916305126394,
  "skew": -0.03847847791531245,
  "kurtosis": 11.572102584794765,
  "max_drawdown": -0.5518942355006546,
  "obs": 7704
}