{
  "macro": 0.21700000000000003,
  "momentum": 0.45315750695549173,
  "trend": 0.21970087022470164,
  "mean_reversion": -0.7648046613008548,
  "sentiment": -0.3829076977309934,
  "valuation": -0.703905603936621,
  "composite": -0.160293264298046
}