{
  "macro": 0.17650000000000002,
  "momentum": 0.4261804130135739,
  "trend": 0.22701062068377778,
  "mean_reversion": -0.8134259520052675,
  "sentiment": 0.3203610589853848,
  "valuation": -0.703905603936621,
  "composite": -0.061213243876525346
}