{
  "mean_ann": 0.1282396618420857,
  "vol_ann": 0.18145259793766036,
  "sharpe": 0.7067391886345081,
  "skew": -0.14056799442644285,
  "kurtosis": 12.174512065501492,
  "max_drawdown": -0.3808128223145091,
  "obs": 4873
}