{
  "mean_ann": 0.12324087740922679,
  "vol_ann": 0.18064084376836756,
  "sharpe": 0.6822425916436501,
  "skew": -0.19783811769501147,
  "kurtosis": 12.062561708402576,
  "max_drawdown": -0.38081300083754555,
  "obs": 4870
}