{
  "macro": 0.31366666666666665,
  "momentum": 0.9958742974547675,
  "trend": 0.9608050924625942,
  "mean_reversion": -0.8767153470516589,
  "sentiment": 0.1601488744326811,
  "composite": 0.31075591679301007
}