{
  "macro": 0.30633333333333335,
  "momentum": 0.9979386643807215,
  "trend": 0.9617295658152261,
  "mean_reversion": -0.9059929613885531,
  "sentiment": 0.15858766614487518,
  "composite": 0.3037192536571206
}