{
  "weights": {
    "kr-large-cap": 0.08372938883486766,
    "kr-kosdaq": 0.09271304428116199,
    "kr-dividend": 0.09290053891965842,
    "us-large-cap": 0.08372938883486784,
    "us-tech": 0.09457592254269497,
    "us-dividend": 0.10820021147936602,
    "intl-developed": 0.08867310015664308,
    "emerging-markets": 0.09114123390871433,
    "kr-treasuries-10y": 0.02875510775628037,
    "kr-short-bonds": 0.02568411406934398,
    "kr-credit": 0.06694428751234836,
    "us-treasuries-10y": 0.043174610885123844,
    "us-treasuries-30y": 0.0,
    "us-ig-credit": 0.0023003570534104716,
    "gold": 0.004014901353222344,
    "commodities": 0.0008142447866367256,
    "kofr-cash": 0.04632477381282978,
    "money-market": 0.04632477381282981
  }
}