{
  "mean_ann": 0.1425790953256586,
  "vol_ann": 0.15470386676076783,
  "sharpe": 0.9216259316009286,
  "skew": -0.35215864229793187,
  "kurtosis": 14.540852484806067,
  "max_drawdown": -0.33367082332763653,
  "obs": 3704
}