{
  "macro": 0.467,
  "momentum": 0.3963065325726835,
  "trend": 0.5514906372698034,
  "mean_reversion": -0.8327918055690037,
  "sentiment": -0.17793174032463305,
  "composite": 0.08081472478977002
}