{
  "mean_ann": 0.04570698015897875,
  "vol_ann": 0.07669601057816593,
  "sharpe": 0.5959499042312738,
  "skew": 0.10731475191010918,
  "kurtosis": 2.8997990249884236,
  "max_drawdown": -0.17168674320433486,
  "obs": 6049
}