{
  "mean_ann": 0.04553839454925438,
  "vol_ann": 0.07668722080543285,
  "sharpe": 0.5938198577412555,
  "skew": 0.1075442012369659,
  "kurtosis": 2.90410666350767,
  "max_drawdown": -0.17168674320433552,
  "obs": 6046
}