{
  "macro": -0.11450000000000002,
  "momentum": 0.14639704797844227,
  "trend": 0.1444990595758694,
  "mean_reversion": -0.3671706997044962,
  "sentiment": -0.3754970957620152,
  "composite": -0.11325433758243994
}