{
  "macro": -0.15499999999999997,
  "momentum": 0.12055041934376995,
  "trend": 0.13739446302270195,
  "mean_reversion": -0.4238437589400795,
  "sentiment": -0.054007728952447764,
  "composite": -0.07498132110521107
}