{
  "mean_ann": 0.031553799964607394,
  "vol_ann": 0.001469846668777503,
  "sharpe": 21.467409244020832,
  "skew": 1.6049466944298565,
  "kurtosis": 4.9744441859279185,
  "max_drawdown": -4.6570114772603866e-05,
  "obs": 983
}