{
  "mean_ann": 0.031569086559281034,
  "vol_ann": 0.0014696736465747461,
  "sharpe": 21.480337919140513,
  "skew": 1.6094574038829947,
  "kurtosis": 4.991986420755993,
  "max_drawdown": -4.6719135658568334e-05,
  "obs": 980
}