{
  "macro": -0.5945,
  "momentum": 0.06835410170508985,
  "trend": 0.040345799368631724,
  "mean_reversion": -0.8230386756160802,
  "sentiment": -0.3931148610800575,
  "composite": -0.34039072712448326
}