{
  "macro": -0.5525,
  "momentum": 0.06836101035876073,
  "trend": 0.04036757262678915,
  "mean_reversion": -0.823089448693462,
  "sentiment": 0.2817312317938233,
  "composite": -0.19702592678281777
}