{
  "mean_ann": 0.11226988596780953,
  "vol_ann": 0.18386894171539359,
  "sharpe": 0.6105973359089076,
  "skew": -0.42159745598001347,
  "kurtosis": 9.512420724467717,
  "max_drawdown": -0.4491180402608035,
  "obs": 5423
}