{
  "mean_ann": 0.11099662640497396,
  "vol_ann": 0.18388031480989497,
  "sharpe": 0.6036351771516599,
  "skew": -0.42090133412156255,
  "kurtosis": 9.515016821347999,
  "max_drawdown": -0.4491180402608035,
  "obs": 5420
}