{
  "macro": 0.5525,
  "momentum": 0.7908864514345965,
  "trend": 0.5536856071450624,
  "mean_reversion": -0.483499693073245,
  "sentiment": -0.39445329789299666,
  "composite": 0.20382381352268347
}