{
  "macro": 0.5945,
  "momentum": 0.8187539540486972,
  "trend": 0.5134317231313024,
  "mean_reversion": -0.5664291995120765,
  "sentiment": -0.21781683321805698,
  "composite": 0.2284879288899732
}