{
  "weights": {
    "kr-large-cap": 0.08053125707158151,
    "kr-dividend": 0.08052669540981167,
    "us-large-cap": 0.08000963284914889,
    "us-tech": 0.07012612372440015,
    "kr-treasuries-10y": 0.19664738399530587,
    "us-treasuries-10y": 6.663575591177524e-53,
    "us-ig-credit": 0.13660827659948227,
    "gold": 0.05555062554928333,
    "kofr-cash": 0.15000000240049313,
    "money-market": 0.15000000240049313
  }
}