{
  "weights": {
    "kr-large-cap": 0.13920624388216865,
    "kr-dividend": 0.13913966541975403,
    "us-large-cap": 0.13925582470837958,
    "us-tech": 0.13239822746026947,
    "kr-treasuries-10y": 0.13066583435012746,
    "us-treasuries-10y": 6.6753588871543535e-223,
    "us-ig-credit": 0.11933671657862918,
    "gold": 0.14999999828981897,
    "kofr-cash": 0.04999748931085257,
    "money-market": 0.0
  }
}