{
  "mean_ann": 0.021474545038723977,
  "vol_ann": 0.05394168950944484,
  "sharpe": 0.39810664504610893,
  "skew": -0.22216813982053787,
  "kurtosis": 6.400312750161239,
  "max_drawdown": -0.21314931680428983,
  "obs": 3638
}