{
  "macro": -0.25225000000000003,
  "momentum": -0.12413160890939237,
  "trend": -0.11126145376190573,
  "mean_reversion": 0.830368072959802,
  "sentiment": 0.2150613661806423,
  "composite": 0.11155727529382924
}