{
  "weights": {
    "kr-large-cap": 0.09195683929517859,
    "kr-kosdaq": 0.09187695884292531,
    "kr-dividend": 0.09195622680882819,
    "us-large-cap": 0.09201119366042518,
    "us-tech": 0.09188959434088188,
    "us-dividend": 0.09212908363589627,
    "intl-developed": 0.09195225066639308,
    "emerging-markets": 0.09189071788251225,
    "kr-treasuries-10y": 0.02862984438394275,
    "kr-short-bonds": 0.0242423158593204,
    "kr-credit": 0.0421741924267057,
    "us-treasuries-10y": 0.02516493312144737,
    "us-treasuries-30y": 0.02281831735261901,
    "us-ig-credit": 0.023985742202383156,
    "gold": 0.0005874696901891126,
    "commodities": 8.371909917615599e-05,
    "kofr-cash": 0.0966506007311756,
    "money-market": 0.0
  }
}