{
  "mean_ann": 0.14257907944488182,
  "vol_ann": 0.15470381733610553,
  "sharpe": 0.9216261233885276,
  "skew": -0.35215975980103353,
  "kurtosis": 14.540852932622911,
  "max_drawdown": -0.3336705620442332,
  "obs": 3704
}