{
  "mean_ann": 0.1417788991713368,
  "vol_ann": 0.15467959965063577,
  "sharpe": 0.9165972726304121,
  "skew": -0.3514913454975473,
  "kurtosis": 14.5377591033182,
  "max_drawdown": -0.33367074296092336,
  "obs": 3707
}