{
  "macro": 0.4515,
  "momentum": 0.3783921907022711,
  "trend": 0.5422679567396941,
  "mean_reversion": -0.7988842634300888,
  "sentiment": -0.25362493360366545,
  "composite": 0.06393019008164222
}