{
  "macro": 0.47150000000000003,
  "momentum": 0.39630634033504364,
  "trend": 0.5514906464830632,
  "mean_reversion": -0.8327917832000373,
  "sentiment": -0.3274969603645751,
  "composite": 0.051801648650698896
}