{
  "mean_ann": 0.015259879502113587,
  "vol_ann": 0.030929400930065853,
  "sharpe": 0.4933777908152034,
  "skew": -0.17440311576949077,
  "kurtosis": 5.241301500279414,
  "max_drawdown": -0.13185083632725902,
  "obs": 2232
}