{
  "macro": 0.5795,
  "momentum": -0.07241116792906567,
  "trend": -0.08834351291911813,
  "mean_reversion": 0.8364005480761668,
  "sentiment": -0.1759118475728542,
  "composite": 0.21584680393102573
}