{
  "macro": 0.589,
  "momentum": -0.0890993242657086,
  "trend": -0.08770606695552235,
  "mean_reversion": 0.8494269103898753,
  "sentiment": -0.23740909685538725,
  "composite": 0.20484248446265144
}