{
  "mean_ann": 0.02397864462108445,
  "vol_ann": 0.1015773011493679,
  "sharpe": 0.23606302146012142,
  "skew": 15.71654291670352,
  "kurtosis": 1826.282142043041,
  "max_drawdown": -0.2305055998503498,
  "obs": 3555
}