{
  "macro": -0.03749999999999998,
  "momentum": 0.05918878159330871,
  "trend": 0.0332306683550683,
  "mean_reversion": -0.8142920289024598,
  "sentiment": -0.030626996330082812,
  "composite": -0.1579999150568331
}