{
  "mean_ann": 0.14289882088293254,
  "vol_ann": 0.259914004265051,
  "sharpe": 0.5497926950377381,
  "skew": 0.2690197406146519,
  "kurtosis": 7.608339159002017,
  "max_drawdown": -0.8296391162651726,
  "obs": 6900
}