{
  "mean_ann": 0.14158099788779888,
  "vol_ann": 0.25993896422411283,
  "sharpe": 0.5446701625145021,
  "skew": 0.26982362977776747,
  "kurtosis": 7.609058178084695,
  "max_drawdown": -0.8296390664778704,
  "obs": 6897
}