{
  "macro": 0.17650000000000002,
  "momentum": 0.5132342776193762,
  "trend": 0.23479646766047152,
  "mean_reversion": -0.8869724159501863,
  "sentiment": 0.15276192653518694,
  "composite": 0.03806405117296967
}