{
  "macro": 0.21700000000000003,
  "momentum": 0.5423759246532106,
  "trend": 0.20998971810806946,
  "mean_reversion": -0.8211848118604108,
  "sentiment": 7.260299767497536e-06,
  "composite": 0.02963761824012734
}