{
  "mean_ann": 0.039703361520828595,
  "vol_ann": 0.3211144992632149,
  "sharpe": 0.12364238180439208,
  "skew": -0.4156864026986674,
  "kurtosis": 22.38301375006809,
  "max_drawdown": -0.9321044281200848,
  "obs": 5159
}