{
  "macro": 0.6265000000000001,
  "momentum": 0.9422904513334295,
  "trend": 0.9538924943009085,
  "mean_reversion": -0.9534121058127459,
  "sentiment": -0.13267901139308425,
  "composite": 0.28731836568570157
}