{
  "mean_ann": 0.13468547225659955,
  "vol_ann": 0.18012476720063517,
  "sharpe": 0.7477343307629525,
  "skew": -0.5873912262665039,
  "kurtosis": 13.037333546749796,
  "max_drawdown": -0.5043138755679307,
  "obs": 2885
}