{
  "mean_ann": 0.13716550695299629,
  "vol_ann": 0.18027886219620476,
  "sharpe": 0.760851856296461,
  "skew": -0.580396024828806,
  "kurtosis": 12.988903251751632,
  "max_drawdown": -0.5043139581350571,
  "obs": 2888
}