{
  "macro": 0.21150000000000002,
  "momentum": 0.9630136857369019,
  "trend": 0.8504719983533863,
  "mean_reversion": -0.8784849327233807,
  "sentiment": -0.3815903613379239,
  "composite": 0.1529820780057968
}