{
  "macro": 0.1915,
  "momentum": 0.9605426314491717,
  "trend": 0.8569480597166389,
  "mean_reversion": -0.8627356717973375,
  "sentiment": -0.14617890729093536,
  "composite": 0.20001522241550754
}