{
  "mean_ann": 0.13468547285748178,
  "vol_ann": 0.18012474102925702,
  "sharpe": 0.7477344427415737,
  "skew": -0.5873914223450295,
  "kurtosis": 13.037361001002832,
  "max_drawdown": -0.5043139995974832,
  "obs": 2885
}