{
  "macro": 0.196,
  "momentum": 0.9605426534889201,
  "trend": 0.8569480725492842,
  "mean_reversion": -0.8627356764131814,
  "sentiment": 0.1829570819874411,
  "composite": 0.2667424263224928
}