{
  "weights": {
    "kr-large-cap": 0.15849023186185052,
    "kr-dividend": 0.15849023186185052,
    "us-large-cap": 0.07452926806019967,
    "us-tech": 0.15849023186185052,
    "kr-treasuries-10y": 0.08474440082166985,
    "us-treasuries-10y": 0.08474440082166985,
    "us-ig-credit": 0.08474440082166985,
    "gold": 0.14999999838636727,
    "kofr-cash": 0.022883417751436035,
    "money-market": 0.022883417751436035
  }
}