{
  "weights": {
    "kr-large-cap": 0.1109971174785536,
    "kr-dividend": 0.1109971174785536,
    "us-large-cap": 0.0010259426930174815,
    "us-tech": 0.1109971174785536,
    "kr-treasuries-10y": 0.1109971174785536,
    "us-treasuries-10y": 0.1109971174785536,
    "us-ig-credit": 0.1109971174785536,
    "gold": 0.1109971174785536,
    "kofr-cash": 0.1109971174785536,
    "money-market": 0.1109971174785536
  }
}