{
  "mean_ann": 0.015259907638018846,
  "vol_ann": 0.03093916280181385,
  "sharpe": 0.4932230304927389,
  "skew": -0.17450604828979832,
  "kurtosis": 5.241433435943437,
  "max_drawdown": -0.13185083632725902,
  "obs": 2229
}