{
  "macro": 0.589,
  "momentum": -0.0890993242657086,
  "trend": -0.08770606695552235,
  "mean_reversion": 0.8494269103898753,
  "sentiment": 0.21045979571352724,
  "composite": 0.2944162629764343
}