{
  "macro": -0.5525,
  "momentum": 0.06887847712229897,
  "trend": 0.04195632612159957,
  "mean_reversion": -0.8288194283466017,
  "sentiment": 0.29559376148403704,
  "composite": -0.19497817272373322
}