{
  "mean_ann": 0.10552704761608529,
  "vol_ann": 0.2831319853985749,
  "sharpe": 0.3727132682219959,
  "skew": 0.21756614446783068,
  "kurtosis": 7.607951172891676,
  "max_drawdown": -0.5722312030720209,
  "obs": 2682
}