{
  "mean_ann": 0.10518125747886532,
  "vol_ann": 0.28299181172614274,
  "sharpe": 0.3716759747828022,
  "skew": 0.2178243350171943,
  "kurtosis": 7.6171870280544205,
  "max_drawdown": -0.5722312972209351,
  "obs": 2685
}