{
  "macro": 0.30633333333333335,
  "momentum": 0.8521926263913719,
  "trend": 0.7540802724266701,
  "mean_reversion": -0.7788384464881745,
  "sentiment": 0.007367313551016719,
  "composite": 0.2282270198428435
}