{
  "macro": 0.2993333333333333,
  "momentum": 0.8461243755960287,
  "trend": 0.77042561795138,
  "mean_reversion": -0.7926135194337304,
  "sentiment": -0.2579680222123476,
  "composite": 0.1730603570469328
}