{
  "window_days": 756,
  "mae": 0.14583042086360176,
  "rank_correlation": 0.666272119173014,
  "forecasts": {
    "kr-large-cap": 0.05946904114083136,
    "kr-kosdaq": 0.059569472352914855,
    "kr-dividend": 0.059468774804317795,
    "us-large-cap": 0.060799538785028306,
    "us-tech": 0.0595429261342679,
    "us-dividend": 0.05945062588068492,
    "intl-developed": 0.05708757418642796,
    "emerging-markets": 0.07502693844026906,
    "kr-treasuries-10y": 0.043456521739130435,
    "kr-short-bonds": 0.043456521739130435,
    "kr-credit": 0.043456521739130435,
    "us-treasuries-10y": 0.043456521739130435,
    "us-treasuries-30y": 0.043456521739130435,
    "us-ig-credit": 0.043456521739130435,
    "gold": 0.06175217391304348,
    "commodities": 0.03872608695652174,
    "kofr-cash": 0.043456521739130435,
    "money-market": 0.043456521739130435
  },
  "realized": {
    "kr-large-cap": 0.5736677769659555,
    "kr-kosdaq": 0.2003259521498213,
    "kr-dividend": 0.40432299836474606,
    "us-large-cap": 0.281950575848831,
    "us-tech": 0.3818661828997705,
    "us-dividend": 0.1812097139547717,
    "intl-developed": 0.3071463223801445,
    "emerging-markets": 0.19185226553497925,
    "kr-treasuries-10y": 0.02304098946521904,
    "kr-short-bonds": 0.031794460415796255,
    "kr-credit": 0.03277829657861342,
    "us-treasuries-10y": 0.0524610314873073,
    "us-treasuries-30y": -0.047721863225198335,
    "us-ig-credit": 0.06293377638173747,
    "gold": 0.31419064950825426,
    "commodities": 0.19417896171199245,
    "kofr-cash": 0.033943457103408514,
    "money-market": 0.03025622566785513
  },
  "errors": {
    "kr-large-cap": -0.5141987358251241,
    "kr-kosdaq": -0.14075647979690645,
    "kr-dividend": -0.3448542235604283,
    "us-large-cap": -0.22115103706380268,
    "us-tech": -0.32232325676550255,
    "us-dividend": -0.12175908807408678,
    "intl-developed": -0.25005874819371654,
    "emerging-markets": -0.11682532709471019,
    "kr-treasuries-10y": 0.020415532273911394,
    "kr-short-bonds": 0.01166206132333418,
    "kr-credit": 0.010678225160517016,
    "us-treasuries-10y": -0.009004509748176862,
    "us-treasuries-30y": 0.09117838496432877,
    "us-ig-credit": -0.019477254642607036,
    "gold": -0.25243847559521077,
    "commodities": -0.1554528747554707,
    "kofr-cash": 0.009513064635721921,
    "money-market": 0.013200296071275305
  },
  "changes": [
    {
      "target": "skills/cma_judge/SKILL.md",
      "change": "Strengthen valuation tilt rule: PE>28 -> +0.10 valuation weight.",
      "reason": "Mean absolute prediction error 14.58% exceeds 6% threshold."
    },
    {
      "target": "agents/asset_class_agent.py",
      "change": "Add post-judge cap of +200bp above auto-blend for: ['us-treasuries-30y', 'kr-treasuries-10y', 'money-market'].",
      "reason": "Top-3 over-forecast list shows persistent positive bias."
    }
  ]
}