{
  "weights": {
    "kr-large-cap": 0.09844602253667023,
    "kr-kosdaq": 0.09844602253667023,
    "kr-dividend": 0.09844602253667023,
    "us-large-cap": 0.046540695022778064,
    "us-tech": 0.09844602253667023,
    "us-dividend": 0.09844602253667023,
    "intl-developed": 0.09844602253667023,
    "emerging-markets": 0.09844602253667023,
    "kr-treasuries-10y": 0.027897123420310362,
    "kr-short-bonds": 0.027897123420310362,
    "kr-credit": 0.027897123420310362,
    "us-treasuries-10y": 0.027897123420310362,
    "us-treasuries-30y": 0.027897123420310362,
    "us-ig-credit": 0.027897123420310362,
    "gold": 0.002423539795138285,
    "commodities": 0.002423539795138285,
    "kofr-cash": 0.04605366355419582,
    "money-market": 0.04605366355419582
  }
}