{
  "mean_ann": 0.04587224512885611,
  "vol_ann": 0.07696722298422408,
  "sharpe": 0.5959971446320536,
  "skew": 0.1063405671597319,
  "kurtosis": 2.8611643498854105,
  "max_drawdown": -0.17168674320433408,
  "obs": 6002
}