{
  "mean_ann": 0.046041847122947926,
  "vol_ann": 0.07697594446044088,
  "sharpe": 0.5981329290036778,
  "skew": 0.10609863272735337,
  "kurtosis": 2.8569282578393587,
  "max_drawdown": -0.17168674320433652,
  "obs": 6005
}