{
  "macro": -0.15499999999999997,
  "momentum": 0.12055041934376995,
  "trend": 0.13739446302270195,
  "mean_reversion": -0.4238437589542684,
  "sentiment": 0.3226647008500019,
  "composite": 0.0003531648524410791
}