{
  "macro": -0.12525000000000003,
  "momentum": 0.14639704797844227,
  "trend": 0.1444990595758694,
  "mean_reversion": -0.36717069970224714,
  "sentiment": 0.19612056465816108,
  "composite": -0.0010808054979548841
}