{
  "mean_ann": 0.12213737939690515,
  "vol_ann": 0.17983179220698456,
  "sharpe": 0.6791756779931675,
  "skew": -0.19756627280466468,
  "kurtosis": 12.19773549809561,
  "max_drawdown": -0.38081311120085415,
  "obs": 4914
}