{
  "macro": 0.3023333333333333,
  "momentum": 0.9958743026210181,
  "trend": 0.9608050899764344,
  "mean_reversion": -0.8767153451927283,
  "sentiment": -0.33920880084749333,
  "composite": 0.20861771597811285
}