{
  "mean_ann": 0.12213739523869434,
  "vol_ann": 0.17983186017707836,
  "sharpe": 0.6791755093809687,
  "skew": -0.1975648076808905,
  "kurtosis": 12.197736587046833,
  "max_drawdown": -0.38081328001518955,
  "obs": 4914
}