{
  "mean_ann": 0.12709206579684754,
  "vol_ann": 0.18064050625239755,
  "sharpe": 0.703563494332051,
  "skew": -0.13999733090296682,
  "kurtosis": 12.310694465553954,
  "max_drawdown": -0.3808133059713066,
  "obs": 4917
}