{
  "macro": 0.2993333333333333,
  "momentum": 0.9958743026210181,
  "trend": 0.9608050922968502,
  "mean_reversion": -0.8767153472310584,
  "sentiment": -0.2895359309622545,
  "composite": 0.21795229001157773
}