{
  "macro": 0.30633333333333335,
  "momentum": 0.9979386643807215,
  "trend": 0.9617295658152261,
  "mean_reversion": -0.9059929613871653,
  "sentiment": -0.24843845366750028,
  "composite": 0.22231402969492314
}