{
  "chosen_ensemble": "inverse_te",
  "rationale": "Regime 'late-cycle' favors 'inverse_te'. Diagnostics: {'simple_average': 0.662, 'inverse_te': 0.664, 'backtest_sharpe': 0.662, 'meta_optimization': 0.2, 'regime_conditional': 0.662, 'composite_score': 0.658, 'trimmed_mean': 0.657}.",
  "weights": {
    "kr-large-cap": 0.0357624886794725,
    "kr-kosdaq": 0.03246850535336598,
    "kr-dividend": 0.0394003320857827,
    "us-large-cap": 0.03886653530017774,
    "us-tech": 0.03579084983167768,
    "us-dividend": 0.049727222984990174,
    "intl-developed": 0.035243770421314866,
    "emerging-markets": 0.03665325311784008,
    "kr-treasuries-10y": 0.06493332696352858,
    "kr-short-bonds": 0.07153068936690893,
    "kr-credit": 0.13137907467272567,
    "us-treasuries-10y": 0.06083802279318846,
    "us-treasuries-30y": 0.03145483127345293,
    "us-ig-credit": 0.042549563560920586,
    "gold": 0.026186458188984366,
    "commodities": 0.01652543349442392,
    "kofr-cash": 0.13801430001259474,
    "money-market": 0.11267534189864997
  },
  "weights_pre_tilt": {
    "kr-large-cap": 0.0357624886794725,
    "kr-kosdaq": 0.03246850535336598,
    "kr-dividend": 0.0394003320857827,
    "us-large-cap": 0.03886653530017774,
    "us-tech": 0.03579084983167768,
    "us-dividend": 0.049727222984990174,
    "intl-developed": 0.035243770421314866,
    "emerging-markets": 0.03665325311784008,
    "kr-treasuries-10y": 0.07748464185599323,
    "kr-short-bonds": 0.05121434652889731,
    "kr-credit": 0.12376898563043359,
    "us-treasuries-10y": 0.07259773413434834,
    "us-treasuries-30y": 0.03753490618512658,
    "us-ig-credit": 0.040084894295926175,
    "gold": 0.026186458188984366,
    "commodities": 0.01652543349442392,
    "kofr-cash": 0.13801430001259474,
    "money-market": 0.11267534189864997
  },
  "fi_curve_tilt": {
    "applied": true,
    "regime": "bear-parallel",
    "rules": {
      "long_duration": 0.75,
      "credit": 0.95,
      "cash_like": 1.25
    },
    "fi_total": 0.40268550863072516,
    "shifts_pp": {
      "kr-treasuries-10y": -1.2551314892464651,
      "kr-short-bonds": 2.031634283801162,
      "kr-credit": 0.7610089042292073,
      "us-treasuries-10y": -1.1759711341159877,
      "us-treasuries-30y": -0.6080074911673651,
      "us-ig-credit": 0.2464669264994411
    }
  },
  "ensemble_agent_weights": {
    "equal-weight": 0.03140307785956166,
    "market-cap-weight": 0.021787747883374446,
    "inverse-volatility": 0.09807008994811083,
    "inverse-variance": 0.044752749909469515,
    "volatility-targeting": 0.09807008994811083,
    "max-sharpe": 0.04524329589435473,
    "black-litterman": 0.03611638827187715,
    "robust-mv": 0.04687312429333118,
    "resampled-ef": 0.04617071227189358,
    "mean-downside": 0.051922521076700194,
    "gmv": 0.04404025166562108,
    "risk-parity": 0.0591597650612397,
    "hrp": 0.043864857504528516,
    "max-diversification": 0.059607482393388984,
    "min-correlation": 0.0892652091914858,
    "cvar-min": 0.03140307785956166,
    "max-dd-constrained": 0.02363706013690624,
    "tail-risk-parity": 0.0320842321456559,
    "tpa": 0.04120096275762413,
    "max-entropy": 0.03140307785956166,
    "adversarial-diversifier": 0.023924226067642117
  },
  "metrics": {
    "expected_return": 0.04926684402547285,
    "expected_vol": 0.0470982381565676,
    "backtest_sharpe": 2.2910175435072313,
    "backtest_maxdd": -0.04344714192481358,
    "hhi": 0.07753259387162063,
    "effective_n": 12.897801428594168,
    "top3": 0.38206871658397035,
    "ips_compliance": 0.8,
    "tracking_error": 0.08799064704221958,
    "diversification": 0.376272550561302,
    "composite": 0.6635309391498536
  },
  "ensembles": {
    "simple_average": {
      "kr-large-cap": 0.03738239493856458,
      "kr-kosdaq": 0.034426657797152246,
      "kr-dividend": 0.04071147648853158,
      "us-large-cap": 0.04342707833142707,
      "us-tech": 0.037438934275885107,
      "us-dividend": 0.05297373376806277,
      "intl-developed": 0.037686540894740675,
      "emerging-markets": 0.038146995713615725,
      "kr-treasuries-10y": 0.0755369965793865,
      "kr-short-bonds": 0.05190604810988532,
      "kr-credit": 0.11662319833680171,
      "us-treasuries-10y": 0.07634519596400188,
      "us-treasuries-30y": 0.04219906969883544,
      "us-ig-credit": 0.038435684521605805,
      "gold": 0.026965526090501506,
      "commodities": 0.018718519139416696,
      "kofr-cash": 0.12541335684015342,
      "money-market": 0.10566259251143195
    },
    "inverse_te": {
      "kr-large-cap": 0.0357624886794725,
      "kr-kosdaq": 0.03246850535336598,
      "kr-dividend": 0.0394003320857827,
      "us-large-cap": 0.03886653530017774,
      "us-tech": 0.03579084983167768,
      "us-dividend": 0.049727222984990174,
      "intl-developed": 0.035243770421314866,
      "emerging-markets": 0.03665325311784008,
      "kr-treasuries-10y": 0.07748464185599323,
      "kr-short-bonds": 0.05121434652889731,
      "kr-credit": 0.12376898563043359,
      "us-treasuries-10y": 0.07259773413434834,
      "us-treasuries-30y": 0.03753490618512658,
      "us-ig-credit": 0.040084894295926175,
      "gold": 0.026186458188984366,
      "commodities": 0.01652543349442392,
      "kofr-cash": 0.13801430001259474,
      "money-market": 0.11267534189864997
    },
    "backtest_sharpe": {
      "kr-large-cap": 0.03702826651902832,
      "kr-kosdaq": 0.034017691495715555,
      "kr-dividend": 0.04054956737600889,
      "us-large-cap": 0.0425823728208062,
      "us-tech": 0.037143533167632414,
      "us-dividend": 0.05318482728320435,
      "intl-developed": 0.03719593387099566,
      "emerging-markets": 0.03791401934027873,
      "kr-treasuries-10y": 0.07753244346899471,
      "kr-short-bonds": 0.05287214802869453,
      "kr-credit": 0.11880240807249516,
      "us-treasuries-10y": 0.07469236498460079,
      "us-treasuries-30y": 0.0396370030000776,
      "us-ig-credit": 0.03882517184999409,
      "gold": 0.02741949746808347,
      "commodities": 0.01890465972701638,
      "kofr-cash": 0.1252784510954727,
      "money-market": 0.10641964043090045
    },
    "meta_optimization": {
      "kr-large-cap": NaN,
      "kr-kosdaq": NaN,
      "kr-dividend": NaN,
      "us-large-cap": NaN,
      "us-tech": NaN,
      "us-dividend": NaN,
      "intl-developed": NaN,
      "emerging-markets": NaN,
      "kr-treasuries-10y": NaN,
      "kr-short-bonds": NaN,
      "kr-credit": NaN,
      "us-treasuries-10y": NaN,
      "us-treasuries-30y": NaN,
      "us-ig-credit": NaN,
      "gold": NaN,
      "commodities": NaN,
      "kofr-cash": NaN,
      "money-market": NaN
    },
    "regime_conditional": {
      "kr-large-cap": 0.037550083821350076,
      "kr-kosdaq": 0.034983957518361225,
      "kr-dividend": 0.04091148830046537,
      "us-large-cap": 0.042329477897329174,
      "us-tech": 0.0378518882308989,
      "us-dividend": 0.05289917415388465,
      "intl-developed": 0.037926168057402516,
      "emerging-markets": 0.03838138909196304,
      "kr-treasuries-10y": 0.0746004070256403,
      "kr-short-bonds": 0.05226124827783209,
      "kr-credit": 0.11496838790080123,
      "us-treasuries-10y": 0.07612741377822485,
      "us-treasuries-30y": 0.0422503842959907,
      "us-ig-credit": 0.038965420577685005,
      "gold": 0.027328200394354334,
      "commodities": 0.019304012286699035,
      "kofr-cash": 0.12592616120995784,
      "money-market": 0.10543473718115973
    },
    "composite_score": {
      "kr-large-cap": 0.04078347219491208,
      "kr-kosdaq": 0.03939822217138782,
      "kr-dividend": 0.04366192896571546,
      "us-large-cap": 0.03834901235216929,
      "us-tech": 0.041434894960208746,
      "us-dividend": 0.05388670754251056,
      "intl-developed": 0.040874151260830646,
      "emerging-markets": 0.04109130206559405,
      "kr-treasuries-10y": 0.06983218341971811,
      "kr-short-bonds": 0.05524532347097502,
      "kr-credit": 0.10087146880124177,
      "us-treasuries-10y": 0.07005557143963202,