{
  "chosen_ensemble": "inverse_te",
  "rationale": "Regime 'late-cycle' favors 'inverse_te'. Diagnostics: {'simple_average': 0.77, 'inverse_te': 0.769, 'backtest_sharpe': 0.77, 'meta_optimization': 0.2, 'regime_conditional': 0.77, 'composite_score': 0.769, 'trimmed_mean': 0.77}.",
  "weights": {
    "kr-large-cap": 0.06862163738954066,
    "kr-kosdaq": 0.06634061235064405,
    "kr-dividend": 0.06919671939371574,
    "us-large-cap": 0.06875569957957985,
    "us-tech": 0.0677474917298969,
    "us-dividend": 0.07402880158511979,
    "intl-developed": 0.0676900638086554,
    "emerging-markets": 0.06761893918098995,
    "kr-treasuries-10y": 0.0394846994724709,
    "kr-short-bonds": 0.04891689977441979,
    "kr-credit": 0.07323843633889736,
    "us-treasuries-10y": 0.034774976795506174,
    "us-treasuries-30y": 0.023792703498715685,
    "us-ig-credit": 0.0354268271118191,
    "gold": 0.0774662365566017,
    "commodities": 0.07253376180607023,
    "kofr-cash": 0.02941397484641028,
    "money-market": 0.014951518780946558
  },
  "weights_pre_tilt": {
    "kr-large-cap": 0.06862163738954066,
    "kr-kosdaq": 0.06634061235064405,
    "kr-dividend": 0.06919671939371574,
    "us-large-cap": 0.06875569957957985,
    "us-tech": 0.0677474917298969,
    "us-dividend": 0.07402880158511979,
    "intl-developed": 0.0676900638086554,
    "emerging-markets": 0.06761893918098995,
    "kr-treasuries-10y": 0.04734561273810251,
    "kr-short-bonds": 0.03519338818343532,
    "kr-credit": 0.06933102583717993,
    "us-treasuries-10y": 0.04169824277083461,
    "us-treasuries-30y": 0.028529535260312214,
    "us-ig-credit": 0.03353673820196439,
    "gold": 0.0774662365566017,
    "commodities": 0.07253376180607023,
    "kofr-cash": 0.02941397484641028,
    "money-market": 0.014951518780946558
  },
  "fi_curve_tilt": {
    "applied": true,
    "regime": "bear-parallel",
    "rules": {
      "long_duration": 0.75,
      "credit": 0.95,
      "cash_like": 1.25
    },
    "fi_total": 0.255634542991829,
    "shifts_pp": {
      "kr-treasuries-10y": -0.786091326563161,
      "kr-short-bonds": 1.372351159098447,
      "kr-credit": 0.39074105017174315,
      "us-treasuries-10y": -0.6923265975328434,
      "us-treasuries-30y": -0.47368317615965294,
      "us-ig-credit": 0.18900889098547036
    }
  },
  "ensemble_agent_weights": {
    "equal-weight": 0.05829416377062087,
    "market-cap-weight": 0.015231347704142511,
    "inverse-volatility": 0.09466485187020342,
    "inverse-variance": 0.06684817913432366,
    "volatility-targeting": 0.09466485187020342,
    "max-sharpe": 0.03606271191710967,
    "black-litterman": 0.040372678690138386,
    "robust-mv": 0.016589734850975778,
    "resampled-ef": 0.03647432844992878,
    "mean-downside": 0.022233892613065704,
    "gmv": 0.03660488535072933,
    "risk-parity": 0.04285571474888926,
    "hrp": 0.0650530758004197,
    "max-diversification": 0.0760757781638641,
    "min-correlation": 0.08542272501260724,
    "cvar-min": 0.05829416377062087,
    "max-dd-constrained": 0.006059535414649116,
    "tail-risk-parity": 0.03161463820536336,
    "tpa": 0.03884001514734654,
    "max-entropy": 0.05829416377062087,
    "adversarial-diversifier": 0.019448563744177465
  },
  "metrics": {
    "expected_return": 0.0543301585987458,
    "expected_vol": 0.09071799662506705,
    "backtest_sharpe": 2.2560734566702885,
    "backtest_maxdd": -0.09097006647838657,
    "hhi": 0.06254690914037442,
    "effective_n": 15.98800026641914,
    "top3": 0.22473347448061884,
    "ips_compliance": 0.9,
    "tracking_error": 0.08645290979883939,
    "diversification": 0.28659360319424465,
    "composite": 0.7684033516480764
  },
  "ensembles": {
    "simple_average": {
      "kr-large-cap": 0.07411578139140629,
      "kr-kosdaq": 0.06226991384454603,
      "kr-dividend": 0.0668497977822397,
      "us-large-cap": 0.07029428409876043,
      "us-tech": 0.06489184234860262,
      "us-dividend": 0.08107523641912297,
      "intl-developed": 0.06549001774872837,
      "emerging-markets": 0.06501309165175477,
      "kr-treasuries-10y": 0.04722404909703475,
      "kr-short-bonds": 0.035102491857518237,
      "kr-credit": 0.0673126507885339,
      "us-treasuries-10y": 0.044080713444523044,
      "us-treasuries-30y": 0.028941662111515522,
      "us-ig-credit": 0.03335235405073922,
      "gold": 0.08092135698522501,
      "commodities": 0.06907864139084925,
      "kofr-cash": 0.0269721417226333,
      "money-market": 0.017013973266266608
    },
    "inverse_te": {
      "kr-large-cap": 0.06862163738954066,
      "kr-kosdaq": 0.06634061235064405,
      "kr-dividend": 0.06919671939371574,
      "us-large-cap": 0.06875569957957985,
      "us-tech": 0.0677474917298969,
      "us-dividend": 0.07402880158511979,
      "intl-developed": 0.0676900638086554,
      "emerging-markets": 0.06761893918098995,
      "kr-treasuries-10y": 0.04734561273810251,
      "kr-short-bonds": 0.03519338818343532,
      "kr-credit": 0.06933102583717993,
      "us-treasuries-10y": 0.04169824277083461,
      "us-treasuries-30y": 0.028529535260312214,
      "us-ig-credit": 0.03353673820196439,
      "gold": 0.0774662365566017,
      "commodities": 0.07253376180607023,
      "kofr-cash": 0.02941397484641028,
      "money-market": 0.014951518780946558
    },
    "backtest_sharpe": {
      "kr-large-cap": 0.07466470428479186,
      "kr-kosdaq": 0.06198280845917278,
      "kr-dividend": 0.06667048353420714,
      "us-large-cap": 0.07022308691281119,
      "us-tech": 0.06466666312624447,
      "us-dividend": 0.08173171252549895,
      "intl-developed": 0.06527112251618129,
      "emerging-markets": 0.06478938399162647,
      "kr-treasuries-10y": 0.04735513517213188,
      "kr-short-bonds": 0.03518743150492493,
      "kr-credit": 0.06747810205814837,
      "us-treasuries-10y": 0.044157951573982626,
      "us-treasuries-30y": 0.028686144390477213,
      "us-ig-credit": 0.03310790634934821,
      "gold": 0.08120092666752389,
      "commodities": 0.06879907171182223,
      "kofr-cash": 0.026971591088962975,
      "money-market": 0.017055774132143556
    },
    "meta_optimization": {
      "kr-large-cap": NaN,
      "kr-kosdaq": NaN,
      "kr-dividend": NaN,
      "us-large-cap": NaN,
      "us-tech": NaN,
      "us-dividend": NaN,
      "intl-developed": NaN,
      "emerging-markets": NaN,
      "kr-treasuries-10y": NaN,
      "kr-short-bonds": NaN,
      "kr-credit": NaN,
      "us-treasuries-10y": NaN,
      "us-treasuries-30y": NaN,
      "us-ig-credit": NaN,
      "gold": NaN,
      "commodities": NaN,
      "kofr-cash": NaN,
      "money-market": NaN
    },
    "regime_conditional": {
      "kr-large-cap": 0.07362349998537841,
      "kr-kosdaq": 0.06282131029453136,
      "kr-dividend": 0.06708940083362012,
      "us-large-cap": 0.0695378177336456,
      "us-tech": 0.06527493764498034,
      "us-dividend": 0.0805833582845683,
      "intl-developed": 0.06574310880819649,
      "emerging-markets": 0.06532653179788366,
      "kr-treasuries-10y": 0.04713257768771758,
      "kr-short-bonds": 0.0355728895824436,
      "kr-credit": 0.06708042991772158,
      "us-treasuries-10y": 0.04345513486813928,
      "us-treasuries-30y": 0.02879082642543155,
      "us-ig-credit": 0.033889505562998724,
      "gold": 0.0805882003003823,
      "commodities": 0.06941179808185588,
      "kofr-cash": 0.027371520263789754,
      "money-market": 0.016707151926715562
    },
    "composite_score": {
      "kr-large-cap": 0.07116271738025462,
      "kr-kosdaq": 0.06575970882383592,
      "kr-dividend": 0.06831010017600432,
      "us-large-cap": 0.06605695602408793,
      "us-tech": 0.06718037451256356,
      "us-dividend": 0.07744649483383116,
      "intl-developed": 0.06710217483382161,
      "emerging-markets": 0.06698143946387207,
      "kr-treasuries-10y": 0.04731356107858977,
      "kr-short-bonds": 0.03917820001283796,
      "kr-credit": 0.06471780918568477,
      "us-treasuries-10y": 0.03900700853194944,