{
  "mean_ann": 0.11354336084944644,
  "vol_ann": 0.2587425401581628,
  "sharpe": 0.43882757269075373,
  "skew": 0.651693099167636,
  "kurtosis": 20.76817261113091,
  "max_drawdown": -0.6643428473135823,
  "obs": 5868
}