{
  "macro": 0.48299999999999993,
  "momentum": 0.5029560654859179,
  "trend": 0.3890558727003507,
  "mean_reversion": -0.8527608162606334,
  "sentiment": -0.3122405713807377,
  "valuation": 0.5545997223493823,
  "composite": 0.12743504548237994
}