{
  "weights": {
    "kr-large-cap": 0.10648672044564,
    "kr-dividend": 0.10286322487405321,
    "us-large-cap": 0.1013521587530457,
    "us-tech": 0.09271742912276379,
    "kr-treasuries-10y": 0.10814372498751036,
    "us-treasuries-10y": 0.1155834361969524,
    "us-ig-credit": 0.11970568867495347,
    "gold": 0.09670047377572506,
    "kofr-cash": 0.0731073736541752,
    "money-market": 0.08333976951518084
  }
}