{
  "weights": {
    "kr-large-cap": 0.14030435952335943,
    "kr-dividend": 0.13749365489849402,
    "us-large-cap": 0.13616415941642604,
    "us-tech": 0.13603777529232444,
    "kr-treasuries-10y": 0.07786304998651634,
    "us-treasuries-10y": 0.0830685834962478,
    "us-ig-credit": 0.08907854304752956,
    "gold": 0.1499999977420927,
    "kofr-cash": 0.020506107903648946,
    "money-market": 0.029483768693360664
  }
}