{
  "mean_ann": 0.13677141525688924,
  "vol_ann": 0.18151119715438935,
  "sharpe": 0.7535150304835164,
  "skew": -0.5850994788355187,
  "kurtosis": 12.795827538481014,
  "max_drawdown": -0.5043139988820089,
  "obs": 2841
}