{
  "mean_ann": 0.1392876006439648,
  "vol_ann": 0.1816648697275153,
  "sharpe": 0.7667283215125001,
  "skew": -0.5781994049010948,
  "kurtosis": 12.748434730372843,
  "max_drawdown": -0.5043139581350551,
  "obs": 2844
}