{
  "macro": 0.21150000000000002,
  "momentum": 0.963013664872552,
  "trend": 0.8504719977689938,
  "mean_reversion": -0.8784849332440401,
  "sentiment": 0.39094533893475014,
  "composite": 0.3074892136664512
}