{
  "macro": 0.21300000000000002,
  "momentum": 0.9605426534889201,
  "trend": 0.8569480759481387,
  "mean_reversion": -0.862735673709545,
  "sentiment": 0.24726855727709296,
  "composite": 0.28300472260092135
}