{
  "mean_ann": 0.0697972100652448,
  "vol_ann": 0.22641715697041506,
  "sharpe": 0.3082682028127616,
  "skew": 0.33801853049595193,
  "kurtosis": 7.982158582167125,
  "max_drawdown": -0.5889389460861834,
  "obs": 7651
}