{
  "mean_ann": 0.06832234456820077,
  "vol_ann": 0.22637822390141146,
  "sharpe": 0.3018061692981362,
  "skew": 0.33810518927019656,
  "kurtosis": 7.991570954503684,
  "max_drawdown": -0.5889389905174011,
  "obs": 7648
}