{
  "macro": 0.47150000000000003,
  "momentum": 0.7300521590299963,
  "trend": 0.5367272009096491,
  "mean_reversion": -0.8070221837031488,
  "sentiment": 0.24115266380239142,
  "valuation": 0.062418746747512514,
  "composite": 0.20580476446440008
}