{
  "macro": 0.4515,
  "momentum": 0.7631105462305307,
  "trend": 0.5330803821036819,
  "mean_reversion": -0.8589112364413328,
  "sentiment": 0.22019551879868493,
  "valuation": 0.062418746747512514,
  "composite": 0.1952323262398462
}