{
  "weights": {
    "kr-large-cap": 0.06921437141755107,
    "kr-kosdaq": 0.0660041109408387,
    "kr-dividend": 0.06941836488397678,
    "us-large-cap": 0.06859876548590735,
    "us-tech": 0.06698572983955069,
    "us-dividend": 0.07608243067372114,
    "intl-developed": 0.06764640301011261,
    "emerging-markets": 0.06604978423415317,
    "kr-treasuries-10y": 0.0577934105222117,
    "kr-short-bonds": 0.039511686022985194,
    "kr-credit": 0.09478269502518619,
    "us-treasuries-10y": 0.0,
    "us-treasuries-30y": 0.0,
    "us-ig-credit": 0.05826790484477553,
    "gold": 0.0796675013324846,
    "commodities": 0.07033249691362446,
    "kofr-cash": 0.049644344852920796,
    "money-market": 0.0
  }
}