{
  "weights": {
    "kr-large-cap": 0.029502795075751403,
    "kr-kosdaq": 0.025068395412738795,
    "kr-dividend": 0.03002711570105427,
    "us-large-cap": 0.02866949094105437,
    "us-tech": 0.026307876522627005,
    "us-dividend": 0.03825319334826375,
    "intl-developed": 0.02708060815921455,
    "emerging-markets": 0.02559192266740361,
    "kr-treasuries-10y": 0.07508311551259708,
    "kr-short-bonds": 0.05301263363527746,
    "kr-credit": 0.12870057698978324,
    "us-treasuries-10y": 0.09700459763286147,
    "us-treasuries-30y": 0.03732541831018839,
    "us-ig-credit": 0.04473622779260683,
    "gold": 0.021533549228161385,
    "commodities": 0.012102476032395722,
    "kofr-cash": 0.183021373866339,
    "money-market": 0.11697863317168178
  }
}