{
  "mean_ann": 0.036727753440087704,
  "vol_ann": 0.3212074419883451,
  "sharpe": 0.11434278487675997,
  "skew": -0.416034551966988,
  "kurtosis": 22.34438262761784,
  "max_drawdown": -0.9321044348208304,
  "obs": 5162
}