{
  "mean_ann": 0.03970336137846284,
  "vol_ann": 0.3211145138922386,
  "sharpe": 0.12364237572826345,
  "skew": -0.4156863021554967,
  "kurtosis": 22.383009723775604,
  "max_drawdown": -0.9321044415126486,
  "obs": 5159
}