{
  "macro": 0.6265000000000001,
  "momentum": 0.9422904513334295,
  "trend": 0.9538924943009085,
  "mean_reversion": -0.9534121058127405,
  "sentiment": -0.05021013298767196,
  "composite": 0.30381214136678514
}