{
  "macro": 0.6779999999999999,
  "momentum": 0.9584366875313146,
  "trend": 0.9633841738094213,
  "mean_reversion": -0.9178823492752483,
  "sentiment": 0.32036316843334844,
  "composite": 0.4004603360997672
}