{
  "mean_ann": 0.021474545038723977,
  "vol_ann": 0.053941689509444876,
  "sharpe": 0.3981066450461087,
  "skew": -0.22216813982053787,
  "kurtosis": 6.400312750161239,
  "max_drawdown": -0.21314931680428983,
  "obs": 3638
}