{
  "mean_ann": 0.021640861242670454,
  "vol_ann": 0.05393133809657075,
  "sharpe": 0.40126690726493397,
  "skew": -0.2222339385159362,
  "kurtosis": 6.400524925953141,
  "max_drawdown": -0.21314931680428983,
  "obs": 3641
}