{
  "macro": -0.25450000000000006,
  "momentum": -0.12413160890939237,
  "trend": -0.11126145376190573,
  "mean_reversion": 0.830368072959802,
  "sentiment": -0.26913187210173584,
  "composite": 0.014268627637353603
}