{
  "macro": -0.27499999999999997,
  "momentum": -0.10577883445436871,
  "trend": -0.11222091407997876,
  "mean_reversion": 0.794572181908124,
  "sentiment": 0.22402113337690155,
  "composite": 0.10511871335013563
}