{
  "mean_ann": 0.0315690661280362,
  "vol_ann": 0.0014697361606914364,
  "sharpe": 21.479410367902055,
  "skew": 1.6095901791141989,
  "kurtosis": 4.992416119970634,
  "max_drawdown": -4.664462000492087e-05,
  "obs": 980
}