{
  "macro": -0.5525,
  "momentum": 0.06836101035876073,
  "trend": 0.04036762109489674,
  "mean_reversion": -0.8230897809733455,
  "sentiment": 0.1353916837815199,
  "composite": -0.22629389314763362
}