{
  "slug": "emerging-markets",
  "name": "Emerging Markets MSCI",
  "category": "Equity",
  "expected_return": 0.07502693844026906,
  "expected_volatility": 0.25878302690951466,
  "confidence": 0.55,
  "regime": "late-cycle",
  "curve_regime": "bear-parallel",
  "method_weights": {
    "historical_erp": 0.05000000000000001,
    "regime_adjusted": 0.25000000000000006,
    "bl_equilibrium": 0.0,
    "inverse_gordon": 0.30000000000000004,
    "implied_erp": 0.30000000000000004,
    "survey_analyst": 0.0,
    "auto_blend": 0.10000000000000002
  },
  "rationale": "Dispersion moderate (5.9pp). Late-cycle: tilt to valuation + regime-adjusted.",
  "dispersion": "moderate",
  "candidates": {
    "historical_erp": 0.097,
    "regime_adjusted": 0.07699999999999999,
    "bl_equilibrium": 0.03839601272918506,
    "inverse_gordon": 0.06899999999999999,
    "implied_erp": 0.07692307692307693,
    "survey_analyst": 0.069,
    "auto_blend": 0.07150015363345973
  }
}