{
  "mean_ann": 0.11546896062857326,
  "vol_ann": 0.25878302690951466,
  "sharpe": 0.4461998996129982,
  "skew": 0.6509358077234829,
  "kurtosis": 20.742018454300162,
  "max_drawdown": -0.6643428640309075,
  "obs": 5871
}