{
  "mean_ann": 0.11354335858739972,
  "vol_ann": 0.25874251051316954,
  "sharpe": 0.4388276142262312,
  "skew": 0.6516915075463865,
  "kurtosis": 20.76810390171483,
  "max_drawdown": -0.664342889461472,
  "obs": 5868
}