{
  "macro": 0.4663333333333333,
  "momentum": 0.576824248652012,
  "trend": 0.3893393728670149,
  "mean_reversion": -0.9114295852235766,
  "sentiment": 0.34436515584386995,
  "valuation": 0.5545997223493823,
  "composite": 0.23667204130367261
}