{
  "macro": 0.486,
  "momentum": 0.5029560654859179,
  "trend": 0.3890558727003507,
  "mean_reversion": -0.8527608162594024,
  "sentiment": 0.22858068319493563,
  "valuation": 0.5545997223493823,
  "composite": 0.21807192124519736
}